On branch main
Your branch is based on 'origin/main', but the upstream is gone.
  (use "git branch --unset-upstream" to fixup)

Changes to be committed:
  (use "git restore --staged <file>..." to unstage)
	new file:   .editorconfig
	new file:   .env.example
	new file:   .env.testing
	new file:   .gitattributes
	new file:   .github/FUNDING.yml
	new file:   .github/ISSUE_TEMPLATE.md
	new file:   .github/ISSUE_TEMPLATE/bug.yml
	new file:   .github/ISSUE_TEMPLATE/config.yml
	new file:   .github/workflows/tests.yml
	new file:   .gitignore
	new file:   .htaccess
	new file:   LICENSE.txt
	new file:   LocalValetDriver.php
	new file:   README.md
	new file:   SECURITY.md
	new file:   app/Abstracts/BulkAction.php
	new file:   app/Abstracts/Commands/Module.php
	new file:   app/Abstracts/Event.php
	new file:   app/Abstracts/Export.php
	new file:   app/Abstracts/Factory.php
	new file:   app/Abstracts/Http/ApiController.php
	new file:   app/Abstracts/Http/Controller.php
	new file:   app/Abstracts/Http/FormRequest.php
	new file:   app/Abstracts/Http/PaymentController.php
	new file:   app/Abstracts/Http/Response.php
	new file:   app/Abstracts/Http/SettingController.php
	new file:   app/Abstracts/Import.php
	new file:   app/Abstracts/ImportMultipleSheets.php
	new file:   app/Abstracts/Job.php
	new file:   app/Abstracts/JobShouldQueue.php
	new file:   app/Abstracts/Listeners/Report.php
	new file:   app/Abstracts/Listeners/Update.php
	new file:   app/Abstracts/Model.php
	new file:   app/Abstracts/Notification.php
	new file:   app/Abstracts/Observer.php
	new file:   app/Abstracts/Report.php
	new file:   app/Abstracts/View/Component.php
	new file:   app/Abstracts/View/Components/Contacts/Form.php
	new file:   app/Abstracts/View/Components/Contacts/Index.php
	new file:   app/Abstracts/View/Components/Contacts/Show.php
	new file:   app/Abstracts/View/Components/Documents/Form.php
	new file:   app/Abstracts/View/Components/Documents/Index.php
	new file:   app/Abstracts/View/Components/Documents/Show.php
	new file:   app/Abstracts/View/Components/Documents/Template.php
	new file:   app/Abstracts/View/Components/Form.php
	new file:   app/Abstracts/View/Components/Transactions/Index.php
	new file:   app/Abstracts/View/Components/Transactions/Show.php
	new file:   app/Abstracts/View/Components/Transactions/Template.php
	new file:   app/Abstracts/View/Components/Transfers/Show.php
	new file:   app/Abstracts/View/Components/Transfers/Template.php
	new file:   app/Abstracts/Widget.php
	new file:   app/Builders/Category.php
	new file:   app/BulkActions/Auth/Users.php
	new file:   app/BulkActions/Banking/Accounts.php
	new file:   app/BulkActions/Banking/Reconciliations.php
	new file:   app/BulkActions/Banking/Transactions.php
	new file:   app/BulkActions/Banking/Transfers.php
	new file:   app/BulkActions/Common/Companies.php
	new file:   app/BulkActions/Common/Dashboards.php
	new file:   app/BulkActions/Common/Items.php
	new file:   app/BulkActions/Purchases/Bills.php
	new file:   app/BulkActions/Purchases/Vendors.php
	new file:   app/BulkActions/Sales/Customers.php
	new file:   app/BulkActions/Sales/Invoices.php
	new file:   app/BulkActions/Settings/Categories.php
	new file:   app/BulkActions/Settings/Currencies.php
	new file:   app/BulkActions/Settings/Taxes.php
	new file:   app/Classifiers/BulkAction.php
	new file:   app/Classifiers/Event.php
	new file:   app/Classifiers/Export.php
	new file:   app/Classifiers/Import.php
	new file:   app/Classifiers/Job.php
	new file:   app/Classifiers/Observer.php
	new file:   app/Classifiers/Report.php
	new file:   app/Classifiers/Scope.php
	new file:   app/Classifiers/Widget.php
	new file:   app/Console/Commands/BillReminder.php
	new file:   app/Console/Commands/CompanySeed.php
	new file:   app/Console/Commands/DownloadModule.php
	new file:   app/Console/Commands/FinishUpdate.php
	new file:   app/Console/Commands/Install.php
	new file:   app/Console/Commands/InstallRefresh.php
	new file:   app/Console/Commands/InvoiceReminder.php
	new file:   app/Console/Commands/RecurringCheck.php
	new file:   app/Console/Commands/SampleData.php
	new file:   app/Console/Commands/StorageTempClear.php
	new file:   app/Console/Commands/UninstallModule.php
	new file:   app/Console/Commands/Update.php
	new file:   app/Console/Commands/UpdateAll.php
	new file:   app/Console/Commands/UpdateDb.php
	new file:   app/Console/Commands/UserSeed.php
	new file:   app/Console/Kernel.php
	new file:   app/Console/Stubs/Modules/assets/js/app.stub
	new file:   app/Console/Stubs/Modules/assets/sass/app.stub
	new file:   app/Console/Stubs/Modules/command.stub
	new file:   app/Console/Stubs/Modules/component.stub
	new file:   app/Console/Stubs/Modules/composer.stub
	new file:   app/Console/Stubs/Modules/controller-api.stub
	new file:   app/Console/Stubs/Modules/controller-plain.stub
	new file:   app/Console/Stubs/Modules/controller.stub
	new file:   app/Console/Stubs/Modules/event.stub
	new file:   app/Console/Stubs/Modules/factory.stub
	new file:   app/Console/Stubs/Modules/job-queued.stub
	new file:   app/Console/Stubs/Modules/job.stub
	new file:   app/Console/Stubs/Modules/json.stub
	new file:   app/Console/Stubs/Modules/lang/general.stub
	new file:   app/Console/Stubs/Modules/listener-duck.stub
	new file:   app/Console/Stubs/Modules/listener-queued-duck.stub
	new file:   app/Console/Stubs/Modules/listener-queued.stub
	new file:   app/Console/Stubs/Modules/listener.stub
	new file:   app/Console/Stubs/Modules/listeners/install.stub
	new file:   app/Console/Stubs/Modules/mail.stub
	new file:   app/Console/Stubs/Modules/middleware.stub
	new file:   app/Console/Stubs/Modules/migration/add.stub
	new file:   app/Console/Stubs/Modules/migration/create.stub
	new file:   app/Console/Stubs/Modules/migration/delete.stub
	new file:   app/Console/Stubs/Modules/migration/drop.stub
	new file:   app/Console/Stubs/Modules/migration/plain.stub
	new file:   app/Console/Stubs/Modules/model.stub
	new file:   app/Console/Stubs/Modules/notification.stub
	new file:   app/Console/Stubs/Modules/package.stub
	new file:   app/Console/Stubs/Modules/policy.plain.stub
	new file:   app/Console/Stubs/Modules/provider.stub
	new file:   app/Console/Stubs/Modules/providers/event.stub
	new file:   app/Console/Stubs/Modules/request.stub
	new file:   app/Console/Stubs/Modules/resource-collection.stub
	new file:   app/Console/Stubs/Modules/resource.stub
	new file:   app/Console/Stubs/Modules/routes/admin.stub
	new file:   app/Console/Stubs/Modules/routes/portal.stub
	new file:   app/Console/Stubs/Modules/rule.stub
	new file:   app/Console/Stubs/Modules/scaffold/config.stub
	new file:   app/Console/Stubs/Modules/scaffold/provider.stub
	new file:   app/Console/Stubs/Modules/seeder.stub
	new file:   app/Console/Stubs/Modules/unit-test.stub
	new file:   app/Console/Stubs/Modules/views/index.stub
	new file:   app/Console/Stubs/Modules/webpack.stub
	new file:   app/Events/Auth/Attempting.php
	new file:   app/Events/Auth/Authenticated.php
	new file:   app/Events/Auth/Failed.php
	new file:   app/Events/Auth/LandingPageShowing.php
	new file:   app/Events/Auth/RoleCreated.php
	new file:   app/Events/Auth/RoleCreating.php
	new file:   app/Events/Auth/RoleDeleted.php
	new file:   app/Events/Auth/RoleDeleting.php
	new file:   app/Events/Auth/RoleUpdated.php
	new file:   app/Events/Auth/RoleUpdating.php
	new file:   app/Events/Auth/UserCreated.php
	new file:   app/Events/Auth/UserCreating.php
	new file:   app/Events/Auth/UserDeleted.php
	new file:   app/Events/Auth/UserDeleting.php
	new file:   app/Events/Auth/UserUpdated.php
	new file:   app/Events/Auth/UserUpdating.php
	new file:   app/Events/Banking/AccountCreated.php
	new file:   app/Events/Banking/AccountCreating.php
	new file:   app/Events/Banking/AccountDeleted.php
	new file:   app/Events/Banking/AccountDeleting.php
	new file:   app/Events/Banking/AccountUpdated.php
	new file:   app/Events/Banking/AccountUpdating.php
	new file:   app/Events/Banking/DocumentTransactionCreated.php
	new file:   app/Events/Banking/DocumentTransactionCreating.php
	new file:   app/Events/Banking/DocumentTransactionUpdated.php
	new file:   app/Events/Banking/DocumentTransactionUpdating.php
	new file:   app/Events/Banking/TransactionCreated.php
	new file:   app/Events/Banking/TransactionCreating.php
	new file:   app/Events/Banking/TransactionDeleted.php
	new file:   app/Events/Banking/TransactionDeleting.php
	new file:   app/Events/Banking/TransactionDuplicating.php
	new file:   app/Events/Banking/TransactionPrinting.php
	new file:   app/Events/Banking/TransactionRecurring.php
	new file:   app/Events/Banking/TransactionSending.php
	new file:   app/Events/Banking/TransactionSent.php
	new file:   app/Events/Banking/TransactionSplitted.php
	new file:   app/Events/Banking/TransactionSplitting.php
	new file:   app/Events/Banking/TransactionUpdated.php
	new file:   app/Events/Banking/TransactionUpdating.php
	new file:   app/Events/Banking/TransferCreated.php
	new file:   app/Events/Banking/TransferCreating.php
	new file:   app/Events/Banking/TransferDeleted.php
	new file:   app/Events/Banking/TransferDeleting.php
	new file:   app/Events/Banking/TransferPrinting.php
	new file:   app/Events/Banking/TransferUpdated.php
	new file:   app/Events/Banking/TransferUpdating.php
	new file:   app/Events/Common/BulkActionsAdding.php
	new file:   app/Events/Common/CompanyCreated.php
	new file:   app/Events/Common/CompanyCreating.php
	new file:   app/Events/Common/CompanyDeleted.php
	new file:   app/Events/Common/CompanyDeleting.php
	new file:   app/Events/Common/CompanyForgettingCurrent.php
	new file:   app/Events/Common/CompanyForgotCurrent.php
	new file:   app/Events/Common/CompanyMadeCurrent.php
	new file:   app/Events/Common/CompanyMakingCurrent.php
	new file:   app/Events/Common/CompanySwitched.php
	new file:   app/Events/Common/CompanyUpdated.php
	new file:   app/Events/Common/CompanyUpdating.php
	new file:   app/Events/Common/ContactCreated.php
	new file:   app/Events/Common/ContactCreating.php
	new file:   app/Events/Common/ContactDeleted.php
	new file:   app/Events/Common/ContactDeleting.php
	new file:   app/Events/Common/ContactUpdated.php
	new file:   app/Events/Common/ContactUpdating.php
	new file:   app/Events/Common/DatesFormating.php
	new file:   app/Events/Common/GlobalSearched.php
	new file:   app/Events/Common/ImportViewCreated.php
	new file:   app/Events/Common/ImportViewCreating.php
	new file:   app/Events/Common/ItemCreated.php
	new file:   app/Events/Common/ItemCreating.php
	new file:   app/Events/Common/ItemDeleted.php
	new file:   app/Events/Common/ItemDeleting.php
	new file:   app/Events/Common/ItemUpdated.php
	new file:   app/Events/Common/ItemUpdating.php
	new file:   app/Events/Common/RelationshipCounting.php
	new file:   app/Events/Common/RelationshipDeleting.php
	new file:   app/Events/Common/SearchStringApplied.php
	new file:   app/Events/Common/SearchStringApplying.php
	new file:   app/Events/Document/DocumentCancelled.php
	new file:   app/Events/Document/DocumentCreated.php
	new file:   app/Events/Document/DocumentCreating.php
	new file:   app/Events/Document/DocumentDeleted.php
	new file:   app/Events/Document/DocumentDeleting.php
	new file:   app/Events/Document/DocumentDuplicating.php
	new file:   app/Events/Document/DocumentMarkedSent.php
	new file:   app/Events/Document/DocumentPrinting.php
	new file:   app/Events/Document/DocumentReceived.php
	new file:   app/Events/Document/DocumentRecurring.php
	new file:   app/Events/Document/DocumentReminded.php
	new file:   app/Events/Document/DocumentResourceShowing.php
	new file:   app/Events/Document/DocumentRestored.php
	new file:   app/Events/Document/DocumentSending.php
	new file:   app/Events/Document/DocumentSent.php
	new file:   app/Events/Document/DocumentTemplates.php
	new file:   app/Events/Document/DocumentUpdated.php
	new file:   app/Events/Document/DocumentUpdating.php
	new file:   app/Events/Document/DocumentViewed.php
	new file:   app/Events/Document/PaidAmountCalculated.php
	new file:   app/Events/Document/PaymentReceived.php
	new file:   app/Events/Document/TransactionsCounted.php
	new file:   app/Events/Email/InvalidEmailDetected.php
	new file:   app/Events/Email/TooManyEmailsSent.php
	new file:   app/Events/Export/HeadingsPreparing.php
	new file:   app/Events/Export/RowsPreparing.php
	new file:   app/Events/Import/RowPreparing.php
	new file:   app/Events/Install/UpdateCacheCleared.php
	new file:   app/Events/Install/UpdateCopied.php
	new file:   app/Events/Install/UpdateDownloaded.php
	new file:   app/Events/Install/UpdateFailed.php
	new file:   app/Events/Install/UpdateFinished.php
	new file:   app/Events/Install/UpdateUnzipped.php
	new file:   app/Events/Menu/AdminCreated.php
	new file:   app/Events/Menu/AdminCreating.php
	new file:   app/Events/Menu/ItemAuthorizing.php
	new file:   app/Events/Menu/NewwCreated.php
	new file:   app/Events/Menu/NewwCreating.php
	new file:   app/Events/Menu/NotificationsCreated.php
	new file:   app/Events/Menu/NotificationsCreating.php
	new file:   app/Events/Menu/PortalCreated.php
	new file:   app/Events/Menu/PortalCreating.php
	new file:   app/Events/Menu/ProfileCreated.php
	new file:   app/Events/Menu/ProfileCreating.php
	new file:   app/Events/Menu/SettingsCreated.php
	new file:   app/Events/Menu/SettingsCreating.php
	new file:   app/Events/Menu/SettingsFinished.php
	new file:   app/Events/Module/Copied.php
	new file:   app/Events/Module/Disabled.php
	new file:   app/Events/Module/Disabling.php
	new file:   app/Events/Module/Enabled.php
	new file:   app/Events/Module/Installed.php
	new file:   app/Events/Module/Installing.php
	new file:   app/Events/Module/PaymentMethodShowing.php
	new file:   app/Events/Module/Uninstalled.php
	new file:   app/Events/Module/Uninstalling.php
	new file:   app/Events/Report/ClassesCreated.php
	new file:   app/Events/Report/DataLoaded.php
	new file:   app/Events/Report/DataLoading.php
	new file:   app/Events/Report/FilterApplying.php
	new file:   app/Events/Report/FilterShowing.php
	new file:   app/Events/Report/GroupApplying.php
	new file:   app/Events/Report/GroupShowing.php
	new file:   app/Events/Report/RowsShowing.php
	new file:   app/Events/Report/SkipClass.php
	new file:   app/Events/Report/SkipRowsShowing.php
	new file:   app/Events/Report/TotalCalculated.php
	new file:   app/Events/Report/TotalCalculating.php
	new file:   app/Events/Setting/CategoryCreated.php
	new file:   app/Events/Setting/CategoryCreating.php
	new file:   app/Events/Setting/CategoryDeleted.php
	new file:   app/Events/Setting/CategoryDeleting.php
	new file:   app/Events/Setting/CategoryUpdated.php
	new file:   app/Events/Setting/CategoryUpdating.php
	new file:   app/Events/Setting/CurrencyCreated.php
	new file:   app/Events/Setting/CurrencyCreating.php
	new file:   app/Events/Setting/CurrencyDeleted.php
	new file:   app/Events/Setting/CurrencyDeleting.php
	new file:   app/Events/Setting/CurrencyUpdated.php
	new file:   app/Events/Setting/CurrencyUpdating.php
	new file:   app/Events/Setting/SettingUpdated.php
	new file:   app/Events/Setting/SettingUpdating.php
	new file:   app/Events/Setting/TaxCreated.php
	new file:   app/Events/Setting/TaxCreating.php
	new file:   app/Events/Setting/TaxDeleted.php
	new file:   app/Events/Setting/TaxDeleting.php
	new file:   app/Events/Setting/TaxUpdated.php
	new file:   app/Events/Setting/TaxUpdating.php
	new file:   app/Events/Widget/ClassesCreated.php
	new file:   app/Exceptions/Common/LastDashboard.php
	new file:   app/Exceptions/Common/NotUserDashboard.php
	new file:   app/Exceptions/Common/TooManyEmailsSent.php
	new file:   app/Exceptions/Handler.php
	new file:   app/Exceptions/Http/Resource.php
	new file:   app/Exceptions/Settings/LastCategoryDelete.php
	new file:   app/Exceptions/Trackers/Bugsnag.php
	new file:   app/Exceptions/Trackers/Sentry.php
	new file:   app/Exports/Banking/RecurringTransactions.php
	new file:   app/Exports/Banking/Sheets/Recurring.php
	new file:   app/Exports/Banking/Sheets/RecurringTransactions.php
	new file:   app/Exports/Banking/Transactions.php
	new file:   app/Exports/Banking/Transfers.php
	new file:   app/Exports/Common/Items.php
	new file:   app/Exports/Common/Reports.php
	new file:   app/Exports/Common/Sheets/ItemTaxes.php
	new file:   app/Exports/Common/Sheets/Items.php
	new file:   app/Exports/Purchases/Bills/Bills.php
	new file:   app/Exports/Purchases/Bills/Sheets/BillHistories.php
	new file:   app/Exports/Purchases/Bills/Sheets/BillItemTaxes.php
	new file:   app/Exports/Purchases/Bills/Sheets/BillItems.php
	new file:   app/Exports/Purchases/Bills/Sheets/BillTotals.php
	new file:   app/Exports/Purchases/Bills/Sheets/BillTransactions.php
	new file:   app/Exports/Purchases/Bills/Sheets/Bills.php
	new file:   app/Exports/Purchases/RecurringBills/RecurringBills.php
	new file:   app/Exports/Purchases/RecurringBills/Sheets/Recurring.php
	new file:   app/Exports/Purchases/RecurringBills/Sheets/RecurringBillHistories.php
	new file:   app/Exports/Purchases/RecurringBills/Sheets/RecurringBillItemTaxes.php
	new file:   app/Exports/Purchases/RecurringBills/Sheets/RecurringBillItems.php
	new file:   app/Exports/Purchases/RecurringBills/Sheets/RecurringBillTotals.php
	new file:   app/Exports/Purchases/RecurringBills/Sheets/RecurringBills.php
	new file:   app/Exports/Purchases/Vendors.php
	new file:   app/Exports/Sales/Customers.php
	new file:   app/Exports/Sales/Invoices/Invoices.php
	new file:   app/Exports/Sales/Invoices/Sheets/InvoiceHistories.php
	new file:   app/Exports/Sales/Invoices/Sheets/InvoiceItemTaxes.php
	new file:   app/Exports/Sales/Invoices/Sheets/InvoiceItems.php
	new file:   app/Exports/Sales/Invoices/Sheets/InvoiceTotals.php
	new file:   app/Exports/Sales/Invoices/Sheets/InvoiceTransactions.php
	new file:   app/Exports/Sales/Invoices/Sheets/Invoices.php
	new file:   app/Exports/Sales/RecurringInvoices/RecurringInvoices.php
	new file:   app/Exports/Sales/RecurringInvoices/Sheets/Recurring.php
	new file:   app/Exports/Sales/RecurringInvoices/Sheets/RecurringInvoiceHistories.php
	new file:   app/Exports/Sales/RecurringInvoices/Sheets/RecurringInvoiceItemTaxes.php
	new file:   app/Exports/Sales/RecurringInvoices/Sheets/RecurringInvoiceItems.php
	new file:   app/Exports/Sales/RecurringInvoices/Sheets/RecurringInvoiceTotals.php
	new file:   app/Exports/Sales/RecurringInvoices/Sheets/RecurringInvoices.php
	new file:   app/Exports/Settings/Categories.php
	new file:   app/Exports/Settings/Taxes.php
	new file:   app/Http/Controllers/Api/Auth/Users.php
	new file:   app/Http/Controllers/Api/Banking/Accounts.php
	new file:   app/Http/Controllers/Api/Banking/Reconciliations.php
	new file:   app/Http/Controllers/Api/Banking/Transactions.php
	new file:   app/Http/Controllers/Api/Banking/Transfers.php
	new file:   app/Http/Controllers/Api/Common/Companies.php
	new file:   app/Http/Controllers/Api/Common/Contacts.php
	new file:   app/Http/Controllers/Api/Common/Dashboards.php
	new file:   app/Http/Controllers/Api/Common/Items.php
	new file:   app/Http/Controllers/Api/Common/Ping.php
	new file:   app/Http/Controllers/Api/Common/Reports.php
	new file:   app/Http/Controllers/Api/Common/Translations.php
	new file:   app/Http/Controllers/Api/Document/DocumentTransactions.php
	new file:   app/Http/Controllers/Api/Document/Documents.php
	new file:   app/Http/Controllers/Api/Settings/Categories.php
	new file:   app/Http/Controllers/Api/Settings/Currencies.php
	new file:   app/Http/Controllers/Api/Settings/Settings.php
	new file:   app/Http/Controllers/Api/Settings/Taxes.php
	new file:   app/Http/Controllers/Auth/Forgot.php
	new file:   app/Http/Controllers/Auth/Login.php
	new file:   app/Http/Controllers/Auth/Register.php
	new file:   app/Http/Controllers/Auth/Reset.php
	new file:   app/Http/Controllers/Auth/Users.php
	new file:   app/Http/Controllers/Banking/Accounts.php
	new file:   app/Http/Controllers/Banking/Reconciliations.php
	new file:   app/Http/Controllers/Banking/RecurringTransactions.php
	new file:   app/Http/Controllers/Banking/Transactions.php
	new file:   app/Http/Controllers/Banking/Transfers.php
	new file:   app/Http/Controllers/Common/BulkActions.php
	new file:   app/Http/Controllers/Common/Companies.php
	new file:   app/Http/Controllers/Common/Contacts.php
	new file:   app/Http/Controllers/Common/Dashboards.php
	new file:   app/Http/Controllers/Common/Import.php
	new file:   app/Http/Controllers/Common/Items.php
	new file:   app/Http/Controllers/Common/Plans.php
	new file:   app/Http/Controllers/Common/Reports.php
	new file:   app/Http/Controllers/Common/Uploads.php
	new file:   app/Http/Controllers/Common/Widgets.php
	new file:   app/Http/Controllers/Install/Database.php
	new file:   app/Http/Controllers/Install/Language.php
	new file:   app/Http/Controllers/Install/Requirements.php
	new file:   app/Http/Controllers/Install/Settings.php
	new file:   app/Http/Controllers/Install/Updates.php
	new file:   app/Http/Controllers/Modals/Accounts.php
	new file:   app/Http/Controllers/Modals/Categories.php
	new file:   app/Http/Controllers/Modals/Companies.php
	new file:   app/Http/Controllers/Modals/Currencies.php
	new file:   app/Http/Controllers/Modals/Customers.php
	new file:   app/Http/Controllers/Modals/DocumentItemColumns.php
	new file:   app/Http/Controllers/Modals/DocumentTransactions.php
	new file:   app/Http/Controllers/Modals/InvoiceEmails.php
	new file:   app/Http/Controllers/Modals/InvoiceShare.php
	new file:   app/Http/Controllers/Modals/InvoiceTemplates.php
	new file:   app/Http/Controllers/Modals/Items.php
	new file:   app/Http/Controllers/Modals/Taxes.php
	new file:   app/Http/Controllers/Modals/TransactionEmails.php
	new file:   app/Http/Controllers/Modals/TransactionShare.php
	new file:   app/Http/Controllers/Modals/TransferTemplates.php
	new file:   app/Http/Controllers/Modals/Vendors.php
	new file:   app/Http/Controllers/Modules/ApiKey.php
	new file:   app/Http/Controllers/Modules/Home.php
	new file:   app/Http/Controllers/Modules/Item.php
	new file:   app/Http/Controllers/Modules/My.php
	new file:   app/Http/Controllers/Modules/Tiles.php
	new file:   app/Http/Controllers/Portal/Dashboard.php
	new file:   app/Http/Controllers/Portal/Invoices.php
	new file:   app/Http/Controllers/Portal/Payments.php
	new file:   app/Http/Controllers/Portal/Profile.php
	new file:   app/Http/Controllers/Purchases/Bills.php
	new file:   app/Http/Controllers/Purchases/RecurringBills.php
	new file:   app/Http/Controllers/Purchases/Vendors.php
	new file:   app/Http/Controllers/Sales/Customers.php
	new file:   app/Http/Controllers/Sales/Invoices.php
	new file:   app/Http/Controllers/Sales/RecurringInvoices.php
	new file:   app/Http/Controllers/Settings/Categories.php
	new file:   app/Http/Controllers/Settings/Company.php
	new file:   app/Http/Controllers/Settings/Currencies.php
	new file:   app/Http/Controllers/Settings/Defaults.php
	new file:   app/Http/Controllers/Settings/Email.php
	new file:   app/Http/Controllers/Settings/EmailTemplates.php
	new file:   app/Http/Controllers/Settings/Invoice.php
	new file:   app/Http/Controllers/Settings/Localisation.php
	new file:   app/Http/Controllers/Settings/Modules.php
	new file:   app/Http/Controllers/Settings/Schedule.php
	new file:   app/Http/Controllers/Settings/Taxes.php
	new file:   app/Http/Controllers/Wizard/Companies.php
	new file:   app/Http/Controllers/Wizard/Currencies.php
	new file:   app/Http/Controllers/Wizard/Finish.php
	new file:   app/Http/Kernel.php
	new file:   app/Http/Livewire/Common/Search.php
	new file:   app/Http/Livewire/Menu/Favorite.php
	new file:   app/Http/Livewire/Menu/Favorites.php
	new file:   app/Http/Livewire/Menu/Neww.php
	new file:   app/Http/Livewire/Menu/Notifications.php
	new file:   app/Http/Livewire/Menu/Profile.php
	new file:   app/Http/Livewire/Menu/Settings.php
	new file:   app/Http/Livewire/Notification/Browser.php
	new file:   app/Http/Livewire/Report/Pin.php
	new file:   app/Http/Livewire/Report/Pins.php
	new file:   app/Http/Livewire/Tab/Pin.php
	new file:   app/Http/Middleware/AddWWWAuthenticateHeader.php
	new file:   app/Http/Middleware/AddXHeader.php
	new file:   app/Http/Middleware/AdminMenu.php
	new file:   app/Http/Middleware/Authenticate.php
	new file:   app/Http/Middleware/AuthenticateOnceWithBasicAuth.php
	new file:   app/Http/Middleware/AuthenticateOnceWithDynamicApi.php
	new file:   app/Http/Middleware/AuthenticateOnceWithOAuth.php
	new file:   app/Http/Middleware/CanInstall.php
	new file:   app/Http/Middleware/CheckForReadOnlyMode.php
	new file:   app/Http/Middleware/DateFormat.php
	new file:   app/Http/Middleware/DisableQuic.php
	new file:   app/Http/Middleware/Dropzone.php
	new file:   app/Http/Middleware/EncryptCookies.php
	new file:   app/Http/Middleware/IdentifyCompany.php
	new file:   app/Http/Middleware/LogoutIfUserDisabled.php
	new file:   app/Http/Middleware/Money.php
	new file:   app/Http/Middleware/PortalMenu.php
	new file:   app/Http/Middleware/RedirectIfAuthenticated.php
	new file:   app/Http/Middleware/RedirectIfHitModuleSubscription.php
	new file:   app/Http/Middleware/RedirectIfHitPlanLimits.php
	new file:   app/Http/Middleware/RedirectIfNoApiKey.php
	new file:   app/Http/Middleware/RedirectIfNotInstalled.php
	new file:   app/Http/Middleware/RedirectIfWizardNotCompleted.php
	new file:   app/Http/Middleware/TrimStrings.php
	new file:   app/Http/Middleware/TrustHosts.php
	new file:   app/Http/Middleware/TrustProxies.php
	new file:   app/Http/Middleware/ValidateSignature.php
	new file:   app/Http/Middleware/VerifyCsrfToken.php
	new file:   app/Http/Requests/Auth/Forgot.php
	new file:   app/Http/Requests/Auth/Login.php
	new file:   app/Http/Requests/Auth/Register.php
	new file:   app/Http/Requests/Auth/Reset.php
	new file:   app/Http/Requests/Auth/User.php
	new file:   app/Http/Requests/Banking/Account.php
	new file:   app/Http/Requests/Banking/Reconciliation.php
	new file:   app/Http/Requests/Banking/ReconciliationCalculate.php
	new file:   app/Http/Requests/Banking/Transaction.php
	new file:   app/Http/Requests/Banking/TransactionConnect.php
	new file:   app/Http/Requests/Banking/Transfer.php
	new file:   app/Http/Requests/Common/BulkAction.php
	new file:   app/Http/Requests/Common/Company.php
	new file:   app/Http/Requests/Common/Contact.php
	new file:   app/Http/Requests/Common/ContactPerson.php
	new file:   app/Http/Requests/Common/CustomMail.php
	new file:   app/Http/Requests/Common/Dashboard.php
	new file:   app/Http/Requests/Common/Import.php
	new file:   app/Http/Requests/Common/Item.php
	new file:   app/Http/Requests/Common/ItemTax.php
	new file:   app/Http/Requests/Common/Notification.php
	new file:   app/Http/Requests/Common/Report.php
	new file:   app/Http/Requests/Common/ReportShow.php
	new file:   app/Http/Requests/Common/TotalItem.php
	new file:   app/Http/Requests/Common/Widget.php
	new file:   app/Http/Requests/Document/Document.php
	new file:   app/Http/Requests/Document/DocumentAddItem.php
	new file:   app/Http/Requests/Document/DocumentHistory.php
	new file:   app/Http/Requests/Document/DocumentItem.php
	new file:   app/Http/Requests/Document/DocumentItemTax.php
	new file:   app/Http/Requests/Document/DocumentTotal.php
	new file:   app/Http/Requests/Install/Database.php
	new file:   app/Http/Requests/Install/Setting.php
	new file:   app/Http/Requests/Module/Install.php
	new file:   app/Http/Requests/Module/Module.php
	new file:   app/Http/Requests/Portal/InvoiceConfirm.php
	new file:   app/Http/Requests/Portal/InvoicePayment.php
	new file:   app/Http/Requests/Portal/InvoiceShow.php
	new file:   app/Http/Requests/Portal/PaymentShow.php
	new file:   app/Http/Requests/Portal/Profile.php
	new file:   app/Http/Requests/Setting/Category.php
	new file:   app/Http/Requests/Setting/Currency.php
	new file:   app/Http/Requests/Setting/EmailTemplate.php
	new file:   app/Http/Requests/Setting/Module.php
	new file:   app/Http/Requests/Setting/Setting.php
	new file:   app/Http/Requests/Setting/Tax.php
	new file:   app/Http/Requests/Wizard/Company.php
	new file:   app/Http/Resources/Auth/Owner.php
	new file:   app/Http/Resources/Auth/Role.php
	new file:   app/Http/Resources/Auth/User.php
	new file:   app/Http/Resources/Banking/Account.php
	new file:   app/Http/Resources/Banking/Reconciliation.php
	new file:   app/Http/Resources/Banking/Transaction.php
	new file:   app/Http/Resources/Banking/TransactionTax.php
	new file:   app/Http/Resources/Banking/Transfer.php
	new file:   app/Http/Resources/Common/Company.php
	new file:   app/Http/Resources/Common/Contact.php
	new file:   app/Http/Resources/Common/ContactPerson.php
	new file:   app/Http/Resources/Common/Dashboard.php
	new file:   app/Http/Resources/Common/Item.php
	new file:   app/Http/Resources/Common/ItemTax.php
	new file:   app/Http/Resources/Common/Report.php
	new file:   app/Http/Resources/Common/Widget.php
	new file:   app/Http/Resources/Document/Document.php
	new file:   app/Http/Resources/Document/DocumentHistory.php
	new file:   app/Http/Resources/Document/DocumentItem.php
	new file:   app/Http/Resources/Document/DocumentItemTax.php
	new file:   app/Http/Resources/Document/DocumentTotal.php
	new file:   app/Http/Resources/Setting/Category.php
	new file:   app/Http/Resources/Setting/Currency.php
	new file:   app/Http/Resources/Setting/Setting.php
	new file:   app/Http/Resources/Setting/Tax.php
	new file:   app/Http/Responses/Common/Items.php
	new file:   app/Http/ViewComposers/ContactType.php
	new file:   app/Http/ViewComposers/DocumentRecurring.php
	new file:   app/Http/ViewComposers/DocumentType.php
	new file:   app/Http/ViewComposers/PlanLimits.php
	new file:   app/Http/ViewComposers/ReadOnlyNotification.php
	new file:   app/Imports/Banking/RecurringTransactions.php
	new file:   app/Imports/Banking/Sheets/Recurring.php
	new file:   app/Imports/Banking/Sheets/RecurringTransactions.php
	new file:   app/Imports/Banking/Transactions.php
	new file:   app/Imports/Banking/Transfers.php
	new file:   app/Imports/Common/Items.php
	new file:   app/Imports/Common/Sheets/ItemTaxes.php
	new file:   app/Imports/Common/Sheets/Items.php
	new file:   app/Imports/Purchases/Bills/Bills.php
	new file:   app/Imports/Purchases/Bills/Sheets/BillHistories.php
	new file:   app/Imports/Purchases/Bills/Sheets/BillItemTaxes.php
	new file:   app/Imports/Purchases/Bills/Sheets/BillItems.php
	new file:   app/Imports/Purchases/Bills/Sheets/BillTotals.php
	new file:   app/Imports/Purchases/Bills/Sheets/BillTransactions.php
	new file:   app/Imports/Purchases/Bills/Sheets/Bills.php
	new file:   app/Imports/Purchases/RecurringBills/RecurringBills.php
	new file:   app/Imports/Purchases/RecurringBills/Sheets/Recurring.php
	new file:   app/Imports/Purchases/RecurringBills/Sheets/RecurringBillHistories.php
	new file:   app/Imports/Purchases/RecurringBills/Sheets/RecurringBillItemTaxes.php
	new file:   app/Imports/Purchases/RecurringBills/Sheets/RecurringBillItems.php
	new file:   app/Imports/Purchases/RecurringBills/Sheets/RecurringBillTotals.php
	new file:   app/Imports/Purchases/RecurringBills/Sheets/RecurringBills.php
	new file:   app/Imports/Purchases/Vendors.php
	new file:   app/Imports/Sales/Customers.php
	new file:   app/Imports/Sales/Invoices/Invoices.php
	new file:   app/Imports/Sales/Invoices/Sheets/InvoiceHistories.php
	new file:   app/Imports/Sales/Invoices/Sheets/InvoiceItemTaxes.php
	new file:   app/Imports/Sales/Invoices/Sheets/InvoiceItems.php
	new file:   app/Imports/Sales/Invoices/Sheets/InvoiceTotals.php
	new file:   app/Imports/Sales/Invoices/Sheets/InvoiceTransactions.php
	new file:   app/Imports/Sales/Invoices/Sheets/Invoices.php
	new file:   app/Imports/Sales/RecurringInvoices/RecurringInvoices.php
	new file:   app/Imports/Sales/RecurringInvoices/Sheets/Recurring.php
	new file:   app/Imports/Sales/RecurringInvoices/Sheets/RecurringInvoiceHistories.php
	new file:   app/Imports/Sales/RecurringInvoices/Sheets/RecurringInvoiceItemTaxes.php
	new file:   app/Imports/Sales/RecurringInvoices/Sheets/RecurringInvoiceItems.php
	new file:   app/Imports/Sales/RecurringInvoices/Sheets/RecurringInvoiceTotals.php
	new file:   app/Imports/Sales/RecurringInvoices/Sheets/RecurringInvoices.php
	new file:   app/Imports/Settings/Categories.php
	new file:   app/Imports/Settings/Taxes.php
	new file:   app/Interfaces/Export/WithParentSheet.php
	new file:   app/Interfaces/Job/HasOwner.php
	new file:   app/Interfaces/Job/HasSource.php
	new file:   app/Interfaces/Job/ShouldCreate.php
	new file:   app/Interfaces/Job/ShouldDelete.php
	new file:   app/Interfaces/Job/ShouldUpdate.php
	new file:   app/Interfaces/Listener/ShouldUpdateAllCompanies.php
	new file:   app/Interfaces/Utility/DocumentNumber.php
	new file:   app/Interfaces/Utility/TransactionNumber.php
	new file:   app/Jobs/Auth/CreateInvitation.php
	new file:   app/Jobs/Auth/CreatePermission.php
	new file:   app/Jobs/Auth/CreateRole.php
	new file:   app/Jobs/Auth/CreateUser.php
	new file:   app/Jobs/Auth/DeleteInvitation.php
	new file:   app/Jobs/Auth/DeletePermission.php
	new file:   app/Jobs/Auth/DeleteRole.php
	new file:   app/Jobs/Auth/DeleteUser.php
	new file:   app/Jobs/Auth/NotifyUser.php
	new file:   app/Jobs/Auth/UpdatePermission.php
	new file:   app/Jobs/Auth/UpdateRole.php
	new file:   app/Jobs/Auth/UpdateUser.php
	new file:   app/Jobs/Banking/CreateAccount.php
	new file:   app/Jobs/Banking/CreateBankingDocumentTransaction.php
	new file:   app/Jobs/Banking/CreateReconciliation.php
	new file:   app/Jobs/Banking/CreateTransaction.php
	new file:   app/Jobs/Banking/CreateTransactionTaxes.php
	new file:   app/Jobs/Banking/CreateTransfer.php
	new file:   app/Jobs/Banking/DeleteAccount.php
	new file:   app/Jobs/Banking/DeleteReconciliation.php
	new file:   app/Jobs/Banking/DeleteTransaction.php
	new file:   app/Jobs/Banking/DeleteTransfer.php
	new file:   app/Jobs/Banking/DuplicateTransaction.php
	new file:   app/Jobs/Banking/MatchBankingDocumentTransaction.php
	new file:   app/Jobs/Banking/SendTransaction.php
	new file:   app/Jobs/Banking/SendTransactionAsCustomMail.php
	new file:   app/Jobs/Banking/SplitTransaction.php
	new file:   app/Jobs/Banking/UpdateAccount.php
	new file:   app/Jobs/Banking/UpdateBankingDocumentTransaction.php
	new file:   app/Jobs/Banking/UpdateReconciliation.php
	new file:   app/Jobs/Banking/UpdateTransaction.php
	new file:   app/Jobs/Banking/UpdateTransfer.php
	new file:   app/Jobs/Common/CreateCompany.php
	new file:   app/Jobs/Common/CreateContact.php
	new file:   app/Jobs/Common/CreateContactPerson.php
	new file:   app/Jobs/Common/CreateContactPersons.php
	new file:   app/Jobs/Common/CreateDashboard.php
	new file:   app/Jobs/Common/CreateItem.php
	new file:   app/Jobs/Common/CreateItemTaxes.php
	new file:   app/Jobs/Common/CreateMediableForDownload.php
	new file:   app/Jobs/Common/CreateMediableForExport.php
	new file:   app/Jobs/Common/CreateReport.php
	new file:   app/Jobs/Common/CreateWidget.php
	new file:   app/Jobs/Common/CreateZipForDownload.php
	new file:   app/Jobs/Common/DeleteCompany.php
	new file:   app/Jobs/Common/DeleteContact.php
	new file:   app/Jobs/Common/DeleteContactPerson.php
	new file:   app/Jobs/Common/DeleteDashboard.php
	new file:   app/Jobs/Common/DeleteItem.php
	new file:   app/Jobs/Common/DeleteReport.php
	new file:   app/Jobs/Common/DeleteWidget.php
	new file:   app/Jobs/Common/DuplicateContact.php
	new file:   app/Jobs/Common/UpdateCompany.php
	new file:   app/Jobs/Common/UpdateContact.php
	new file:   app/Jobs/Common/UpdateContactPerson.php
	new file:   app/Jobs/Common/UpdateDashboard.php
	new file:   app/Jobs/Common/UpdateItem.php
	new file:   app/Jobs/Common/UpdateReport.php
	new file:   app/Jobs/Common/UpdateWidget.php
	new file:   app/Jobs/Document/CancelDocument.php
	new file:   app/Jobs/Document/CreateDocument.php
	new file:   app/Jobs/Document/CreateDocumentHistory.php
	new file:   app/Jobs/Document/CreateDocumentItem.php
	new file:   app/Jobs/Document/CreateDocumentItemsAndTotals.php
	new file:   app/Jobs/Document/DeleteDocument.php
	new file:   app/Jobs/Document/DownloadDocument.php
	new file:   app/Jobs/Document/DuplicateDocument.php
	new file:   app/Jobs/Document/RestoreDocument.php
	new file:   app/Jobs/Document/SendDocument.php
	new file:   app/Jobs/Document/SendDocumentAsCustomMail.php
	new file:   app/Jobs/Document/UpdateDocument.php
	new file:   app/Jobs/Install/CopyFiles.php
	new file:   app/Jobs/Install/DisableModule.php
	new file:   app/Jobs/Install/DownloadFile.php
	new file:   app/Jobs/Install/DownloadModule.php
	new file:   app/Jobs/Install/EnableModule.php
	new file:   app/Jobs/Install/FinishUpdate.php
	new file:   app/Jobs/Install/InstallModule.php
	new file:   app/Jobs/Install/UninstallModule.php
	new file:   app/Jobs/Install/UnzipFile.php
	new file:   app/Jobs/Setting/CreateCategory.php
	new file:   app/Jobs/Setting/CreateCurrency.php
	new file:   app/Jobs/Setting/CreateEmailTemplate.php
	new file:   app/Jobs/Setting/CreateTax.php
	new file:   app/Jobs/Setting/DeleteCategory.php
	new file:   app/Jobs/Setting/DeleteCurrency.php
	new file:   app/Jobs/Setting/DeleteEmailTemplate.php
	new file:   app/Jobs/Setting/DeleteTax.php
	new file:   app/Jobs/Setting/UpdateCategory.php
	new file:   app/Jobs/Setting/UpdateCurrency.php
	new file:   app/Jobs/Setting/UpdateEmailTemplate.php
	new file:   app/Jobs/Setting/UpdateTax.php
	new file:   app/Listeners/Auth/AddLandingPages.php
	new file:   app/Listeners/Auth/Login.php
	new file:   app/Listeners/Auth/Logout.php
	new file:   app/Listeners/Banking/IncreaseNextTransactionNumber.php
	new file:   app/Listeners/Common/ClearPlansCache.php
	new file:   app/Listeners/Common/PreparingResponse.php
	new file:   app/Listeners/Common/SkipScheduleInReadOnlyMode.php
	new file:   app/Listeners/Document/CreateDocumentCreatedHistory.php
	new file:   app/Listeners/Document/CreateDocumentTransaction.php
	new file:   app/Listeners/Document/IncreaseNextDocumentNumber.php
	new file:   app/Listeners/Document/MarkDocumentCancelled.php
	new file:   app/Listeners/Document/MarkDocumentReceived.php
	new file:   app/Listeners/Document/MarkDocumentSent.php
	new file:   app/Listeners/Document/MarkDocumentViewed.php
	new file:   app/Listeners/Document/RestoreDocument.php
	new file:   app/Listeners/Document/SendDocumentPaymentNotification.php
	new file:   app/Listeners/Document/SendDocumentRecurringNotification.php
	new file:   app/Listeners/Document/SendDocumentReminderNotification.php
	new file:   app/Listeners/Document/SendDocumentViewNotification.php
	new file:   app/Listeners/Document/SettingFieldCreated.php
	new file:   app/Listeners/Document/SettingFieldUpdated.php
	new file:   app/Listeners/Email/DisablePersonDueToInvalidEmail.php
	new file:   app/Listeners/Email/ReportTooManyEmailsSent.php
	new file:   app/Listeners/Email/SendInvalidEmailNotification.php
	new file:   app/Listeners/Email/TellFirewallTooManyEmailsSent.php
	new file:   app/Listeners/Menu/ShowInAdmin.php
	new file:   app/Listeners/Menu/ShowInNeww.php
	new file:   app/Listeners/Menu/ShowInNotifications.php
	new file:   app/Listeners/Menu/ShowInPortal.php
	new file:   app/Listeners/Menu/ShowInProfile.php
	new file:   app/Listeners/Menu/ShowInSettings.php
	new file:   app/Listeners/Module/ClearCache.php
	new file:   app/Listeners/Module/FinishInstallation.php
	new file:   app/Listeners/Module/FinishUninstallation.php
	new file:   app/Listeners/Module/InstallExtraModules.php
	new file:   app/Listeners/Module/UpdateExtraModules.php
	new file:   app/Listeners/Report/AddAccounts.php
	new file:   app/Listeners/Report/AddBasis.php
	new file:   app/Listeners/Report/AddContacts.php
	new file:   app/Listeners/Report/AddCustomers.php
	new file:   app/Listeners/Report/AddDate.php
	new file:   app/Listeners/Report/AddDiscount.php
	new file:   app/Listeners/Report/AddExpenseCategories.php
	new file:   app/Listeners/Report/AddGroup.php
	new file:   app/Listeners/Report/AddIncomeCategories.php
	new file:   app/Listeners/Report/AddIncomeExpenseCategories.php
	new file:   app/Listeners/Report/AddPeriod.php
	new file:   app/Listeners/Report/AddRowsToTax.php
	new file:   app/Listeners/Report/AddSearchString.php
	new file:   app/Listeners/Report/AddVendors.php
	new file:   app/Listeners/Setting/DeleteCategoryDeletedSubCategories.php
	new file:   app/Listeners/Update/CreateModuleUpdatedHistory.php
	new file:   app/Listeners/Update/SendNotificationOnFailure.php
	new file:   app/Listeners/Update/V30/Version300.php
	new file:   app/Listeners/Update/V30/Version3013.php
	new file:   app/Listeners/Update/V30/Version3014.php
	new file:   app/Listeners/Update/V30/Version3015.php
	new file:   app/Listeners/Update/V30/Version3016.php
	new file:   app/Listeners/Update/V30/Version3017.php
	new file:   app/Listeners/Update/V30/Version303.php
	new file:   app/Listeners/Update/V30/Version304.php
	new file:   app/Listeners/Update/V30/Version305.php
	new file:   app/Listeners/Update/V30/Version307.php
	new file:   app/Listeners/Update/V30/Version309.php
	new file:   app/Listeners/Update/V31/Version310.php
	new file:   app/Listeners/Update/V31/Version3112.php
	new file:   app/Listeners/Update/V31/Version3115.php
	new file:   app/Listeners/Update/V31/Version3119.php
	new file:   app/Listeners/Update/V31/Version315.php
	new file:   app/Listeners/Update/V31/Version317.php
	new file:   app/Listeners/Update/V31/Version318.php
	new file:   app/Listeners/Update/V32/Version320.php
	new file:   app/Models/Auth/Permission.php
	new file:   app/Models/Auth/Role.php
	new file:   app/Models/Auth/User.php
	new file:   app/Models/Auth/UserCompany.php
	new file:   app/Models/Auth/UserDashboard.php
	new file:   app/Models/Auth/UserInvitation.php
	new file:   app/Models/Auth/UserRole.php
	new file:   app/Models/Banking/Account.php
	new file:   app/Models/Banking/Reconciliation.php
	new file:   app/Models/Banking/Transaction.php
	new file:   app/Models/Banking/TransactionTax.php
	new file:   app/Models/Banking/Transfer.php
	new file:   app/Models/Common/Company.php
	new file:   app/Models/Common/Contact.php
	new file:   app/Models/Common/ContactPerson.php
	new file:   app/Models/Common/Dashboard.php
	new file:   app/Models/Common/Item.php
	new file:   app/Models/Common/ItemTax.php
	new file:   app/Models/Common/Media.php
	new file:   app/Models/Common/Notification.php
	new file:   app/Models/Common/Recurring.php
	new file:   app/Models/Common/Report.php
	new file:   app/Models/Common/Widget.php
	new file:   app/Models/Document/Document.php
	new file:   app/Models/Document/DocumentHistory.php
	new file:   app/Models/Document/DocumentItem.php
	new file:   app/Models/Document/DocumentItemTax.php
	new file:   app/Models/Document/DocumentTotal.php
	new file:   app/Models/Module/Module.php
	new file:   app/Models/Module/ModuleHistory.php
	new file:   app/Models/Setting/Category.php
	new file:   app/Models/Setting/Currency.php
	new file:   app/Models/Setting/EmailTemplate.php
	new file:   app/Models/Setting/Setting.php
	new file:   app/Models/Setting/Tax.php
	new file:   app/Notifications/Auth/Invitation.php
	new file:   app/Notifications/Auth/Reset.php
	new file:   app/Notifications/Banking/Transaction.php
	new file:   app/Notifications/Common/DownloadCompleted.php
	new file:   app/Notifications/Common/DownloadFailed.php
	new file:   app/Notifications/Common/ExportCompleted.php
	new file:   app/Notifications/Common/ExportFailed.php
	new file:   app/Notifications/Common/ImportCompleted.php
	new file:   app/Notifications/Common/ImportFailed.php
	new file:   app/Notifications/Email/InvalidEmail.php
	new file:   app/Notifications/Install/UpdateFailed.php
	new file:   app/Notifications/Portal/PaymentReceived.php
	new file:   app/Notifications/Purchase/Bill.php
	new file:   app/Notifications/Sale/Invoice.php
	new file:   app/Observers/Transaction.php
	new file:   app/Providers/App.php
	new file:   app/Providers/Auth.php
	new file:   app/Providers/Binding.php
	new file:   app/Providers/Blade.php
	new file:   app/Providers/Broadcast.php
	new file:   app/Providers/Event.php
	new file:   app/Providers/Macro.php
	new file:   app/Providers/Observer.php
	new file:   app/Providers/Queue.php
	new file:   app/Providers/Route.php
	new file:   app/Providers/Validation.php
	new file:   app/Providers/ViewComposer.php
	new file:   app/Relations/HasMany/Category.php
	new file:   app/Reports/DiscountSummary.php
	new file:   app/Reports/ExpenseSummary.php
	new file:   app/Reports/IncomeExpenseSummary.php
	new file:   app/Reports/IncomeSummary.php
	new file:   app/Reports/ProfitLoss.php
	new file:   app/Reports/TaxSummary.php
	new file:   app/Scopes/Category.php
	new file:   app/Scopes/Company.php
	new file:   app/Scopes/Contact.php
	new file:   app/Scopes/Document.php
	new file:   app/Scopes/Transaction.php
	new file:   app/Traits/Categories.php
	new file:   app/Traits/Charts.php
	new file:   app/Traits/Cloud.php
	new file:   app/Traits/Companies.php
	new file:   app/Traits/Contacts.php
	new file:   app/Traits/Currencies.php
	new file:   app/Traits/Database.php
	new file:   app/Traits/DateTime.php
	new file:   app/Traits/Documents.php
	new file:   app/Traits/Emails.php
	new file:   app/Traits/HasApiTokens.php
	new file:   app/Traits/Import.php
	new file:   app/Traits/Jobs.php
	new file:   app/Traits/Media.php
	new file:   app/Traits/Modules.php
	new file:   app/Traits/Omnipay.php
	new file:   app/Traits/Owners.php
	new file:   app/Traits/Permissions.php
	new file:   app/Traits/Plans.php
	new file:   app/Traits/Recurring.php
	new file:   app/Traits/Relationships.php
	new file:   app/Traits/Scopes.php
	new file:   app/Traits/SearchString.php
	new file:   app/Traits/Settings.php
	new file:   app/Traits/SiteApi.php
	new file:   app/Traits/Sources.php
	new file:   app/Traits/Tailwind.php
	new file:   app/Traits/Tenants.php
	new file:   app/Traits/Trackers.php
	new file:   app/Traits/Transactions.php
	new file:   app/Traits/Translations.php
	new file:   app/Traits/Updates.php
	new file:   app/Traits/Uploads.php
	new file:   app/Traits/Users.php
	new file:   app/Traits/ViewComponents.php
	new file:   app/Utilities/Console.php
	new file:   app/Utilities/Date.php
	new file:   app/Utilities/DocumentNumber.php
	new file:   app/Utilities/Export.php
	new file:   app/Utilities/Import.php
	new file:   app/Utilities/Info.php
	new file:   app/Utilities/Installer.php
	new file:   app/Utilities/ModuleActivator.php
	new file:   app/Utilities/Modules.php
	new file:   app/Utilities/Overrider.php
	new file:   app/Utilities/QueueCollection.php
	new file:   app/Utilities/Recurring.php
	new file:   app/Utilities/Reports.php
	new file:   app/Utilities/Str.php
	new file:   app/Utilities/TransactionNumber.php
	new file:   app/Utilities/Versions.php
	new file:   app/Utilities/Widgets.php
	new file:   app/Utilities/helpers.php
	new file:   app/View/Components/Alert.php
	new file:   app/View/Components/Alert/Border.php
	new file:   app/View/Components/Alert/Danger.php
	new file:   app/View/Components/Alert/Info.php
	new file:   app/View/Components/Alert/Success.php
	new file:   app/View/Components/Alert/Warning.php
	new file:   app/View/Components/Button.php
	new file:   app/View/Components/Button/Hover.php
	new file:   app/View/Components/Contacts/Form/Address.php
	new file:   app/View/Components/Contacts/Form/Billing.php
	new file:   app/View/Components/Contacts/Form/Buttons.php
	new file:   app/View/Components/Contacts/Form/Content.php
	new file:   app/View/Components/Contacts/Form/General.php
	new file:   app/View/Components/Contacts/Form/Persons.php
	new file:   app/View/Components/Contacts/Index/Buttons.php
	new file:   app/View/Components/Contacts/Index/Content.php
	new file:   app/View/Components/Contacts/Index/MoreButtons.php
	new file:   app/View/Components/Contacts/Script.php
	new file:   app/View/Components/Contacts/Show/Buttons.php
	new file:   app/View/Components/Contacts/Show/Content.php
	new file:   app/View/Components/Contacts/Show/MoreButtons.php
	new file:   app/View/Components/Date.php
	new file:   app/View/Components/DeleteButton.php
	new file:   app/View/Components/DeleteLink.php
	new file:   app/View/Components/Documents/Form/Advanced.php
	new file:   app/View/Components/Documents/Form/Buttons.php
	new file:   app/View/Components/Documents/Form/Company.php
	new file:   app/View/Components/Documents/Form/Contact.php
	new file:   app/View/Components/Documents/Form/Content.php
	new file:   app/View/Components/Documents/Form/Footer.php
	new file:   app/View/Components/Documents/Form/ItemButton.php
	new file:   app/View/Components/Documents/Form/ItemColumns.php
	new file:   app/View/Components/Documents/Form/Items.php
	new file:   app/View/Components/Documents/Form/LineItem.php
	new file:   app/View/Components/Documents/Form/Main.php
	new file:   app/View/Components/Documents/Form/Metadata.php
	new file:   app/View/Components/Documents/Form/Note.php
	new file:   app/View/Components/Documents/Form/Recurring.php
	new file:   app/View/Components/Documents/Form/RecurringMetadata.php
	new file:   app/View/Components/Documents/Form/Totals.php
	new file:   app/View/Components/Documents/Index/BulkAction.php
	new file:   app/View/Components/Documents/Index/Buttons.php
	new file:   app/View/Components/Documents/Index/Content.php
	new file:   app/View/Components/Documents/Index/Document.php
	new file:   app/View/Components/Documents/Index/Information.php
	new file:   app/View/Components/Documents/Index/MoreButtons.php
	new file:   app/View/Components/Documents/Index/RecurringTemplates.php
	new file:   app/View/Components/Documents/Script.php
	new file:   app/View/Components/Documents/Show/Attachment.php
	new file:   app/View/Components/Documents/Show/Buttons.php
	new file:   app/View/Components/Documents/Show/Children.php
	new file:   app/View/Components/Documents/Show/Content.php
	new file:   app/View/Components/Documents/Show/Create.php
	new file:   app/View/Components/Documents/Show/GetPaid.php
	new file:   app/View/Components/Documents/Show/MakePayment.php
	new file:   app/View/Components/Documents/Show/Message.php
	new file:   app/View/Components/Documents/Show/MoreButtons.php
	new file:   app/View/Components/Documents/Show/Receive.php
	new file:   app/View/Components/Documents/Show/Restore.php
	new file:   app/View/Components/Documents/Show/Schedule.php
	new file:   app/View/Components/Documents/Show/Send.php
	new file:   app/View/Components/Documents/Show/Template.php
	new file:   app/View/Components/Documents/Template/Classic.php
	new file:   app/View/Components/Documents/Template/Ddefault.php
	new file:   app/View/Components/Documents/Template/LineItem.php
	new file:   app/View/Components/Documents/Template/Modern.php
	new file:   app/View/Components/Dropdown.php
	new file:   app/View/Components/Dropdown/Button.php
	new file:   app/View/Components/Dropdown/Link.php
	new file:   app/View/Components/EmptyPage.php
	new file:   app/View/Components/Form.php
	new file:   app/View/Components/Form/Accordion.php
	new file:   app/View/Components/Form/Buttons.php
	new file:   app/View/Components/Form/Group/Account.php
	new file:   app/View/Components/Form/Group/Attachment.php
	new file:   app/View/Components/Form/Group/Category.php
	new file:   app/View/Components/Form/Group/Checkbox.php
	new file:   app/View/Components/Form/Group/Color.php
	new file:   app/View/Components/Form/Group/Contact.php
	new file:   app/View/Components/Form/Group/Country.php
	new file:   app/View/Components/Form/Group/Currency.php
	new file:   app/View/Components/Form/Group/Customer.php
	new file:   app/View/Components/Form/Group/Date.php
	new file:   app/View/Components/Form/Group/DateTime.php
	new file:   app/View/Components/Form/Group/Editor.php
	new file:   app/View/Components/Form/Group/Email.php
	new file:   app/View/Components/Form/Group/File.php
	new file:   app/View/Components/Form/Group/Import.php
	new file:   app/View/Components/Form/Group/InvoiceText.php
	new file:   app/View/Components/Form/Group/Locale.php
	new file:   app/View/Components/Form/Group/Money.php
	new file:   app/View/Components/Form/Group/Number.php
	new file:   app/View/Components/Form/Group/NumberDigit.php
	new file:   app/View/Components/Form/Group/Password.php
	new file:   app/View/Components/Form/Group/PaymentMethod.php
	new file:   app/View/Components/Form/Group/PaymentTerm.php
	new file:   app/View/Components/Form/Group/Radio.php
	new file:   app/View/Components/Form/Group/Recurring.php
	new file:   app/View/Components/Form/Group/Select.php
	new file:   app/View/Components/Form/Group/Sswitch.php
	new file:   app/View/Components/Form/Group/Tax.php
	new file:   app/View/Components/Form/Group/Text.php
	new file:   app/View/Components/Form/Group/Textarea.php
	new file:   app/View/Components/Form/Group/Time.php
	new file:   app/View/Components/Form/Group/Toggle.php
	new file:   app/View/Components/Form/Group/Vendor.php
	new file:   app/View/Components/Form/Input/Checkbox.php
	new file:   app/View/Components/Form/Input/Color.php
	new file:   app/View/Components/Form/Input/Editor.php
	new file:   app/View/Components/Form/Input/Email.php
	new file:   app/View/Components/Form/Input/Ffile.php
	new file:   app/View/Components/Form/Input/Hidden.php
	new file:   app/View/Components/Form/Input/Import.php
	new file:   app/View/Components/Form/Input/Input.php
	new file:   app/View/Components/Form/Input/Money.php
	new file:   app/View/Components/Form/Input/Number.php
	new file:   app/View/Components/Form/Input/Password.php
	new file:   app/View/Components/Form/Input/Radio.php
	new file:   app/View/Components/Form/Input/Select.php
	new file:   app/View/Components/Form/Input/Text.php
	new file:   app/View/Components/Form/Input/Textarea.php
	new file:   app/View/Components/Form/Section.php
	new file:   app/View/Components/Icon.php
	new file:   app/View/Components/Index/Balance.php
	new file:   app/View/Components/Index/Bulkaction.php
	new file:   app/View/Components/Index/Category.php
	new file:   app/View/Components/Index/Country.php
	new file:   app/View/Components/Index/Currency.php
	new file:   app/View/Components/Index/Ddefault.php
	new file:   app/View/Components/Index/Disable.php
	new file:   app/View/Components/Index/Search.php
	new file:   app/View/Components/Index/Status.php
	new file:   app/View/Components/Index/Summary.php
	new file:   app/View/Components/Layouts/Admin.php
	new file:   app/View/Components/Layouts/Admin/Head.php
	new file:   app/View/Components/Layouts/Admin/Menu.php
	new file:   app/View/Components/Layouts/Admin/Notifications.php
	new file:   app/View/Components/Layouts/Modules.php
	new file:   app/View/Components/Layouts/Modules/Bar.php
	new file:   app/View/Components/Layouts/Modules/Releases.php
	new file:   app/View/Components/Layouts/Modules/Reviews.php
	new file:   app/View/Components/Layouts/Portal/Menu.php
	new file:   app/View/Components/Layouts/Wizard.php
	new file:   app/View/Components/Layouts/Wizard/Scripts.php
	new file:   app/View/Components/Link.php
	new file:   app/View/Components/Link/Hover.php
	new file:   app/View/Components/Media/Ffile.php
	new file:   app/View/Components/Menu/Favorite.php
	new file:   app/View/Components/Modules/Banners.php
	new file:   app/View/Components/Modules/Free.php
	new file:   app/View/Components/Modules/Installed.php
	new file:   app/View/Components/Modules/Item.php
	new file:   app/View/Components/Modules/Items.php
	new file:   app/View/Components/Modules/Nnew.php
	new file:   app/View/Components/Modules/NoApps.php
	new file:   app/View/Components/Modules/Paid.php
	new file:   app/View/Components/Modules/PreSale.php
	new file:   app/View/Components/Modules/Purchased.php
	new file:   app/View/Components/Pagination.php
	new file:   app/View/Components/PaymentMethod.php
	new file:   app/View/Components/Script.php
	new file:   app/View/Components/Script/Declaration.php
	new file:   app/View/Components/Script/Exceptions/Trackers.php
	new file:   app/View/Components/SearchString.php
	new file:   app/View/Components/Show/Accordion.php
	new file:   app/View/Components/Show/NoRecords.php
	new file:   app/View/Components/Show/Right.php
	new file:   app/View/Components/Show/Status.php
	new file:   app/View/Components/Suggestions.php
	new file:   app/View/Components/Table/Actions.php
	new file:   app/View/Components/Table/Tbody.php
	new file:   app/View/Components/Table/Td.php
	new file:   app/View/Components/Table/Th.php
	new file:   app/View/Components/Table/Thead.php
	new file:   app/View/Components/Table/Tr.php
	new file:   app/View/Components/Tips.php
	new file:   app/View/Components/Title.php
	new file:   app/View/Components/Tooltip.php
	new file:   app/View/Components/Transactions/Index/BulkAction.php
	new file:   app/View/Components/Transactions/Index/Buttons.php
	new file:   app/View/Components/Transactions/Index/Content.php
	new file:   app/View/Components/Transactions/Index/MoreButtons.php
	new file:   app/View/Components/Transactions/Index/RecurringTemplates.php
	new file:   app/View/Components/Transactions/Index/Transaction.php
	new file:   app/View/Components/Transactions/Script.php
	new file:   app/View/Components/Transactions/Show/Attachment.php
	new file:   app/View/Components/Transactions/Show/Buttons.php
	new file:   app/View/Components/Transactions/Show/Children.php
	new file:   app/View/Components/Transactions/Show/Connect.php
	new file:   app/View/Components/Transactions/Show/Content.php
	new file:   app/View/Components/Transactions/Show/Create.php
	new file:   app/View/Components/Transactions/Show/MoreButtons.php
	new file:   app/View/Components/Transactions/Show/Schedule.php
	new file:   app/View/Components/Transactions/Show/Template.php
	new file:   app/View/Components/Transactions/Show/Transfer.php
	new file:   app/View/Components/Transactions/Template/Ddefault.php
	new file:   app/View/Components/Transfers/Script.php
	new file:   app/View/Components/Transfers/Show/Attachment.php
	new file:   app/View/Components/Transfers/Show/Buttons.php
	new file:   app/View/Components/Transfers/Show/Content.php
	new file:   app/View/Components/Transfers/Show/Create.php
	new file:   app/View/Components/Transfers/Show/MoreButtons.php
	new file:   app/View/Components/Transfers/Show/Template.php
	new file:   app/View/Components/Transfers/Show/Transactions.php
	new file:   app/View/Components/Transfers/Template/Ddefault.php
	new file:   app/View/Components/Transfers/Template/Second.php
	new file:   app/View/Components/Transfers/Template/Third.php
	new file:   app/View/Components/UpdateAlert.php
	new file:   app/View/Components/Widgets/Contact.php
	new file:   app/View/Components/Widgets/InvoiceHistory.php
	new file:   app/View/Components/Widgets/LastPayment.php
	new file:   app/View/Components/Widgets/LatestInvoices.php
	new file:   app/View/Components/Widgets/OutstandingBalance.php
	new file:   app/View/Components/Widgets/PaymentHistory.php
	new file:   app/View/Presenters/Menu.php
	new file:   app/Widgets/AccountBalance.php
	new file:   app/Widgets/BankFeeds.php
	new file:   app/Widgets/CashFlow.php
	new file:   app/Widgets/Currencies.php
	new file:   app/Widgets/ExpensesByCategory.php
	new file:   app/Widgets/Payables.php
	new file:   app/Widgets/ProfitLoss.php
	new file:   app/Widgets/Receivables.php
	new file:   artisan
	new file:   bootstrap/app.php
	new file:   bootstrap/autoload.php
	new file:   bootstrap/cache/.gitignore
	new file:   composer.json
	new file:   composer.lock
	new file:   config/apexcharts.php
	new file:   config/api.php
	new file:   config/app.php
	new file:   config/auth.php
	new file:   config/broadcasting.php
	new file:   config/bugsnag.php
	new file:   config/cache.php
	new file:   config/charts.php
	new file:   config/cors.php
	new file:   config/database.php
	new file:   config/debugbar.php
	new file:   config/dompdf.php
	new file:   config/excel.php
	new file:   config/filesystems.php
	new file:   config/firewall.php
	new file:   config/hashing.php
	new file:   config/ide-helper.php
	new file:   config/image.php
	new file:   config/imagecache.php
	new file:   config/import.php
	new file:   config/language.php
	new file:   config/laratrust.php
	new file:   config/laravel-model-caching.php
	new file:   config/livewire.php
	new file:   config/logging.php
	new file:   config/mail.php
	new file:   config/mediable.php
	new file:   config/menu.php
	new file:   config/module.php
	new file:   config/money.php
	new file:   config/queue.php
	new file:   config/read-only.php
	new file:   config/sanctum.php
	new file:   config/search-string.php
	new file:   config/sentry.php
	new file:   config/services.php
	new file:   config/session.php
	new file:   config/setting.php
	new file:   config/sortable.php
	new file:   config/stats.php
	new file:   config/trustedproxy.php
	new file:   config/type.php
	new file:   config/update.php
	new file:   config/version.php
	new file:   config/view.php
	new file:   database/.gitignore
	new file:   database/factories/Account.php
	new file:   database/factories/Category.php
	new file:   database/factories/Company.php
	new file:   database/factories/Contact.php
	new file:   database/factories/Currency.php
	new file:   database/factories/Dashboard.php
	new file:   database/factories/Document.php
	new file:   database/factories/Item.php
	new file:   database/factories/Reconciliation.php
	new file:   database/factories/Tax.php
	new file:   database/factories/Transaction.php
	new file:   database/factories/Transfer.php
	new file:   database/factories/User.php
	new file:   database/factories/Widget.php
	new file:   database/migrations/2017_09_14_000000_core_v1.php
	new file:   database/migrations/2019_11_16_000000_core_v2.php
	new file:   database/migrations/2022_05_10_000000_core_v300.php
	new file:   database/migrations/2022_06_28_000000_core_v304.php
	new file:   database/migrations/2022_07_21_000000_core_v305.php
	new file:   database/migrations/2022_08_29_000000_core_v3015.php
	new file:   database/migrations/2022_08_29_000000_core_v307.php
	new file:   database/migrations/2023_06_22_000000_core_v3016.php
	new file:   database/migrations/2023_08_14_000000_core_v3017.php
	new file:   database/migrations/2023_10_03_000000_core_v310.php
	new file:   database/migrations/2024_09_26_000000_core_v3112.php
	new file:   database/migrations/2024_12_29_000000_core_v3115.php
	new file:   database/migrations/2026_02_17_000000_core_v3122.php
	new file:   database/seeds/Accounts.php
	new file:   database/seeds/Categories.php
	new file:   database/seeds/Company.php
	new file:   database/seeds/Currencies.php
	new file:   database/seeds/Dashboards.php
	new file:   database/seeds/DatabaseSeeder.php
	new file:   database/seeds/EmailTemplates.php
	new file:   database/seeds/Modules.php
	new file:   database/seeds/Permissions.php
	new file:   database/seeds/Reports.php
	new file:   database/seeds/SampleData.php
	new file:   database/seeds/Settings.php
	new file:   database/seeds/TestCompany.php
	new file:   database/seeds/User.php
	new file:   index.php
	new file:   manifest.json
	new file:   modules/.gitkeep
	new file:   nginx.example.com.conf
	new file:   overrides/Illuminate/Translation/MessageSelector.php
	new file:   overrides/Illuminate/View/Concerns/ManagesStacks.php
	new file:   overrides/livewire/livewire/Mechanisms/HandleRequests/HandleRequests.php
	new file:   overrides/maatwebsite/excel/Fakes/ExcelFake.php
	new file:   overrides/maatwebsite/excel/Fakes/fake_file
	new file:   overrides/maatwebsite/excel/QueuedWriter.php
	new file:   overrides/nuvisaccounting/laravel-module/Commands/DeleteCommand.php
	new file:   overrides/nuvisaccounting/laravel-module/Commands/DisableCommand.php
	new file:   overrides/nuvisaccounting/laravel-module/Commands/EnableCommand.php
	new file:   overrides/nuvisaccounting/laravel-module/Commands/InstallCommand.php
	new file:   overrides/symfony/process/PhpExecutableFinder.php
	new file:   package-lock.json
	new file:   package.json
	new file:   phpunit.xml
	new file:   presets.js
	new file:   public/.htaccess
	new file:   public/akaunting-js/generalAction.js
	new file:   public/akaunting-js/hotkeys.js
	new file:   public/akaunting-js/popper.js
	new file:   public/akaunting-js/swiper-bundle.min.js
	new file:   public/css/app.css
	new file:   public/css/custom_loading.css
	new file:   public/css/element.css
	new file:   public/css/fonts/NotoSansArabic.ttf
	new file:   public/css/fonts/element-icons.ttf
	new file:   public/css/fonts/element-icons.woff
	new file:   public/css/fonts/firefly_sung_normal.ttf
	new file:   public/css/fonts/material-icons/Outlined/MaterialIconsOutlined-Regular.eot
	new file:   public/css/fonts/material-icons/Outlined/MaterialIconsOutlined-Regular.otf
	new file:   public/css/fonts/material-icons/Outlined/MaterialIconsOutlined-Regular.ttf
	new file:   public/css/fonts/material-icons/Outlined/MaterialIconsOutlined-Regular.woff
	new file:   public/css/fonts/material-icons/Outlined/MaterialIconsOutlined-Regular.woff2
	new file:   public/css/fonts/material-icons/Regular/MaterialIcons-Regular.eot
	new file:   public/css/fonts/material-icons/Regular/MaterialIcons-Regular.otf
	new file:   public/css/fonts/material-icons/Regular/MaterialIcons-Regular.ttf
	new file:   public/css/fonts/material-icons/Regular/MaterialIcons-Regular.woff
	new file:   public/css/fonts/material-icons/Regular/MaterialIcons-Regular.woff2
	new file:   public/css/fonts/material-icons/Rounded/MaterialIconsRound-Regular.eot
	new file:   public/css/fonts/material-icons/Rounded/MaterialIconsRound-Regular.otf
	new file:   public/css/fonts/material-icons/Rounded/MaterialIconsRound-Regular.ttf
	new file:   public/css/fonts/material-icons/Rounded/MaterialIconsRound-Regular.woff
	new file:   public/css/fonts/material-icons/Rounded/MaterialIconsRound-Regular.woff2
	new file:   public/css/fonts/material-icons/Sharp/MaterialIconsSharp-Regular.eot
	new file:   public/css/fonts/material-icons/Sharp/MaterialIconsSharp-Regular.otf
	new file:   public/css/fonts/material-icons/Sharp/MaterialIconsSharp-Regular.ttf
	new file:   public/css/fonts/material-icons/Sharp/MaterialIconsSharp-Regular.woff
	new file:   public/css/fonts/material-icons/Sharp/MaterialIconsSharp-Regular.woff2
	new file:   public/css/fonts/material-icons/style.css
	new file:   public/css/print.css
	new file:   public/css/third_party/dropzone_custom.css
	new file:   public/css/third_party/swiper-bundle.min.css
	new file:   public/css/third_party/vue-html-editor.css
	new file:   public/css/third_party/vue-html-editor_custom.css
	new file:   public/files/import/bills.xlsx
	new file:   public/files/import/categories.xlsx
	new file:   public/files/import/customers.xlsx
	new file:   public/files/import/invoices.xlsx
	new file:   public/files/import/items.xlsx
	new file:   public/files/import/recurring-bills.xlsx
	new file:   public/files/import/recurring-invoices.xlsx
	new file:   public/files/import/recurring-transactions.xlsx
	new file:   public/files/import/taxes.xlsx
	new file:   public/files/import/transactions.xlsx
	new file:   public/files/import/transfers.xlsx
	new file:   public/files/import/vendors.xlsx
	new file:   public/fonts/MaterialIcons-Regular.eot
	new file:   public/fonts/MaterialIcons-Regular.ttf
	new file:   public/fonts/MaterialIcons-Regular.woff
	new file:   public/fonts/MaterialIcons-Regular.woff2
	new file:   public/img/akaunting-loading.gif
	new file:   public/img/akaunting-logo-gold.png
	new file:   public/img/akaunting-logo-green.svg
	new file:   public/img/akaunting-logo-horizontal.svg
	new file:   public/img/akaunting-logo-purple.svg
	new file:   public/img/akaunting-logo-white.svg
	new file:   public/img/akaunting-logo-wild-blue.png
	new file:   public/img/auth/bullet_active.png
	new file:   public/img/auth/bullet_inactive.png
	new file:   public/img/auth/chart.png
	new file:   public/img/auth/client.png
	new file:   public/img/auth/folder.png
	new file:   public/img/auth/layout.png
	new file:   public/img/auth/login-bg.png
	new file:   public/img/auth/logo.png
	new file:   public/img/auth/small-logo.png
	new file:   public/img/company.png
	new file:   public/img/credit_card/amex.png
	new file:   public/img/credit_card/chip.png
	new file:   public/img/credit_card/dinersclub.png
	new file:   public/img/credit_card/discover.png
	new file:   public/img/credit_card/jcb.png
	new file:   public/img/credit_card/mastercard.png
	new file:   public/img/credit_card/troy.png
	new file:   public/img/credit_card/unionpay.png
	new file:   public/img/credit_card/visa.png
	new file:   public/img/dashboard.png
	new file:   public/img/empty_pages/bills.png
	new file:   public/img/empty_pages/companies.png
	new file:   public/img/empty_pages/contacs.png
	new file:   public/img/empty_pages/customers.png
	new file:   public/img/empty_pages/default.png
	new file:   public/img/empty_pages/invoices.png
	new file:   public/img/empty_pages/items.png
	new file:   public/img/empty_pages/no-apps.png
	new file:   public/img/empty_pages/payments.png
	new file:   public/img/empty_pages/reconciliations.png
	new file:   public/img/empty_pages/recurring_templates.png
	new file:   public/img/empty_pages/revenues.png
	new file:   public/img/empty_pages/subscriptions.png
	new file:   public/img/empty_pages/taxes.png
	new file:   public/img/empty_pages/tickets.png
	new file:   public/img/empty_pages/transactions.png
	new file:   public/img/empty_pages/transfers.png
	new file:   public/img/empty_pages/users.png
	new file:   public/img/empty_pages/vendors.png
	new file:   public/img/errors/403.png
	new file:   public/img/errors/404.png
	new file:   public/img/errors/500.png
	new file:   public/img/favicon.ico
	new file:   public/img/icons/.gitkeep
	new file:   public/img/import.png
	new file:   public/img/invoice_templates/classic.png
	new file:   public/img/invoice_templates/default.png
	new file:   public/img/invoice_templates/modern.png
	new file:   public/img/no_records/accounts_transactions.png
	new file:   public/img/no_records/accounts_transfers.png
	new file:   public/img/no_records/customers_invoices.png
	new file:   public/img/no_records/customers_transactions.png
	new file:   public/img/no_records/vendors_bills.png
	new file:   public/img/no_records/vendors_transactions.png
	new file:   public/img/pwa/icon-192x192-maskable.png
	new file:   public/img/pwa/icon-192x192.png
	new file:   public/img/pwa/icon-512x512-maskable.png
	new file:   public/img/pwa/icon-512x512.png
	new file:   public/img/pwa/screenshot-dashboard.png
	new file:   public/img/pwa/screenshot-invoice.png
	new file:   public/img/pwa/splash-1242x2208.png
	new file:   public/img/pwa/splash-1242x2688.png
	new file:   public/img/pwa/splash-1536x2048.png
	new file:   public/img/pwa/splash-1668x2224.png
	new file:   public/img/pwa/splash-1668x2388.png
	new file:   public/img/pwa/splash-2048x2732.png
	new file:   public/img/pwa/splash-640x1136.png
	new file:   public/img/pwa/splash-750x1334.png
	new file:   public/img/pwa/splash-828x1792.png
	new file:   public/img/tailwind_icons/not-equal.svg
	new file:   public/img/transfer_templates/default.png
	new file:   public/img/transfer_templates/second.png
	new file:   public/img/transfer_templates/third.png
	new file:   public/img/user.svg
	new file:   public/img/wizard-modules.png
	new file:   public/img/wizard-rocket.gif
	new file:   public/index.php
	new file:   public/money.json
	new file:   public/shortcuts-config.json
	new file:   public/vendor/apexcharts/apexcharts.js
	new file:   public/vendor/apexcharts/locales/ar.json
	new file:   public/vendor/apexcharts/locales/ca.json
	new file:   public/vendor/apexcharts/locales/cs.json
	new file:   public/vendor/apexcharts/locales/de.json
	new file:   public/vendor/apexcharts/locales/el.json
	new file:   public/vendor/apexcharts/locales/en.json
	new file:   public/vendor/apexcharts/locales/es.json
	new file:   public/vendor/apexcharts/locales/et.json
	new file:   public/vendor/apexcharts/locales/fa.json
	new file:   public/vendor/apexcharts/locales/fi.json
	new file:   public/vendor/apexcharts/locales/fr.json
	new file:   public/vendor/apexcharts/locales/he.json
	new file:   public/vendor/apexcharts/locales/hi.json
	new file:   public/vendor/apexcharts/locales/hr.json
	new file:   public/vendor/apexcharts/locales/hu.json
	new file:   public/vendor/apexcharts/locales/hy.json
	new file:   public/vendor/apexcharts/locales/id.json
	new file:   public/vendor/apexcharts/locales/it.json
	new file:   public/vendor/apexcharts/locales/ja.json
	new file:   public/vendor/apexcharts/locales/ka.json
	new file:   public/vendor/apexcharts/locales/ko.json
	new file:   public/vendor/apexcharts/locales/lt.json
	new file:   public/vendor/apexcharts/locales/lv.json
	new file:   public/vendor/apexcharts/locales/nb.json
	new file:   public/vendor/apexcharts/locales/nl.json
	new file:   public/vendor/apexcharts/locales/pl.json
	new file:   public/vendor/apexcharts/locales/pt-br.json
	new file:   public/vendor/apexcharts/locales/pt.json
	new file:   public/vendor/apexcharts/locales/rs.json
	new file:   public/vendor/apexcharts/locales/ru.json
	new file:   public/vendor/apexcharts/locales/se.json
	new file:   public/vendor/apexcharts/locales/sk.json
	new file:   public/vendor/apexcharts/locales/sl.json
	new file:   public/vendor/apexcharts/locales/sq.json
	new file:   public/vendor/apexcharts/locales/th.json
	new file:   public/vendor/apexcharts/locales/tr.json
	new file:   public/vendor/apexcharts/locales/ua.json
	new file:   public/vendor/apexcharts/locales/zh-cn.json
	new file:   public/vendor/apexcharts/locales/zh-tw.json
	new file:   public/vendor/js-cookie/js.cookie.js
	new file:   public/vendor/quicksand/css/quicksand.css
	new file:   public/vendor/quicksand/fonts/Bold/Quicksand-Bold.eot
	new file:   public/vendor/quicksand/fonts/Bold/Quicksand-Bold.ttf
	new file:   public/vendor/quicksand/fonts/Bold/Quicksand-Bold.woff
	new file:   public/vendor/quicksand/fonts/Bold/Quicksand-Bold.woff2
	new file:   public/vendor/quicksand/fonts/Light/Quicksand-Light.eot
	new file:   public/vendor/quicksand/fonts/Light/Quicksand-Light.ttf
	new file:   public/vendor/quicksand/fonts/Light/Quicksand-Light.woff
	new file:   public/vendor/quicksand/fonts/Light/Quicksand-Light.woff2
	new file:   public/vendor/quicksand/fonts/Medium/Quicksand-Medium.eot
	new file:   public/vendor/quicksand/fonts/Medium/Quicksand-Medium.ttf
	new file:   public/vendor/quicksand/fonts/Medium/Quicksand-Medium.woff
	new file:   public/vendor/quicksand/fonts/Medium/Quicksand-Medium.woff2
	new file:   public/vendor/quicksand/fonts/Regular/Quicksand-Regular.eot
	new file:   public/vendor/quicksand/fonts/Regular/Quicksand-Regular.ttf
	new file:   public/vendor/quicksand/fonts/Regular/Quicksand-Regular.woff
	new file:   public/vendor/quicksand/fonts/Regular/Quicksand-Regular.woff2
	new file:   public/vendor/quicksand/fonts/Semibold/Quicksand-SemiBold.eot
	new file:   public/vendor/quicksand/fonts/Semibold/Quicksand-SemiBold.ttf
	new file:   public/vendor/quicksand/fonts/Semibold/Quicksand-SemiBold.woff
	new file:   public/vendor/quicksand/fonts/Semibold/Quicksand-SemiBold.woff2
	new file:   resources/assets/css/creditcard/style.scss
	new file:   resources/assets/js/Install.vue
	new file:   resources/assets/js/Wizard.vue
	new file:   resources/assets/js/bootstrap.js
	new file:   resources/assets/js/components/AkauntingColor.vue
	new file:   resources/assets/js/components/AkauntingCompanyEdit.vue
	new file:   resources/assets/js/components/AkauntingConnectTransactions.vue
	new file:   resources/assets/js/components/AkauntingContactCard.vue
	new file:   resources/assets/js/components/AkauntingCountdown.vue
	new file:   resources/assets/js/components/AkauntingCurrencyConversion.vue
	new file:   resources/assets/js/components/AkauntingDate.vue
	new file:   resources/assets/js/components/AkauntingDocumentButton.vue
	new file:   resources/assets/js/components/AkauntingDropzoneFileUpload.vue
	new file:   resources/assets/js/components/AkauntingEditItemColumns.vue
	new file:   resources/assets/js/components/AkauntingHtmlEditor.vue
	new file:   resources/assets/js/components/AkauntingImport.vue
	new file:   resources/assets/js/components/AkauntingItemButton.vue
	new file:   resources/assets/js/components/AkauntingModal.vue
	new file:   resources/assets/js/components/AkauntingModalAddNew.vue
	new file:   resources/assets/js/components/AkauntingMoney.vue
	new file:   resources/assets/js/components/AkauntingRadioGroup.vue
	new file:   resources/assets/js/components/AkauntingRecurring.vue
	new file:   resources/assets/js/components/AkauntingSearch.vue
	new file:   resources/assets/js/components/AkauntingSelect.vue
	new file:   resources/assets/js/components/AkauntingSelectRemote.vue
	new file:   resources/assets/js/components/AkauntingSlider.vue
	new file:   resources/assets/js/components/AkauntingSwitch.vue
	new file:   resources/assets/js/components/AkauntingWidget.vue
	new file:   resources/assets/js/components/Badge.vue
	new file:   resources/assets/js/components/BaseAlert.vue
	new file:   resources/assets/js/components/BaseButton.vue
	new file:   resources/assets/js/components/Cards/Card.vue
	new file:   resources/assets/js/components/Cards/StatsCard.vue
	new file:   resources/assets/js/components/CreditCard/Card.vue
	new file:   resources/assets/js/components/CreditCard/CardForm.vue
	new file:   resources/assets/js/components/Inputs/BaseInput.vue
	new file:   resources/assets/js/components/Modal.vue
	new file:   resources/assets/js/components/NotificationPlugin/Notification.vue
	new file:   resources/assets/js/components/NotificationPlugin/Notifications.vue
	new file:   resources/assets/js/components/NotificationPlugin/index.js
	new file:   resources/assets/js/components/SearchString/FilterMain.vue
	new file:   resources/assets/js/components/SearchString/FilteredList.vue
	new file:   resources/assets/js/components/SearchString/Filters.vue
	new file:   resources/assets/js/components/SearchString/SearchString.vue
	new file:   resources/assets/js/directives/click-ouside.js
	new file:   resources/assets/js/exceptions/trackers/bugsnag.js
	new file:   resources/assets/js/exceptions/trackers/sentry.js
	new file:   resources/assets/js/install.js
	new file:   resources/assets/js/mixins/global.js
	new file:   resources/assets/js/mixins/wizardAction.js
	new file:   resources/assets/js/plugins/bulk-action.js
	new file:   resources/assets/js/plugins/currency.js
	new file:   resources/assets/js/plugins/dashboard-plugin.js
	new file:   resources/assets/js/plugins/error.js
	new file:   resources/assets/js/plugins/form.js
	new file:   resources/assets/js/plugins/functions.js
	new file:   resources/assets/js/plugins/globalComponents.js
	new file:   resources/assets/js/plugins/globalDirectives.js
	new file:   resources/assets/js/plugins/money.js
	new file:   resources/assets/js/plugins/nprogress-axios.js
	new file:   resources/assets/js/polyfills.js
	new file:   resources/assets/js/views/auth/common.js
	new file:   resources/assets/js/views/auth/users.js
	new file:   resources/assets/js/views/banking/accounts.js
	new file:   resources/assets/js/views/banking/reconciliations.js
	new file:   resources/assets/js/views/banking/transactions.js
	new file:   resources/assets/js/views/banking/transfers.js
	new file:   resources/assets/js/views/common/companies.js
	new file:   resources/assets/js/views/common/contacts.js
	new file:   resources/assets/js/views/common/dashboards.js
	new file:   resources/assets/js/views/common/documents.js
	new file:   resources/assets/js/views/common/imports.js
	new file:   resources/assets/js/views/common/items.js
	new file:   resources/assets/js/views/common/reports.js
	new file:   resources/assets/js/views/install/Database.vue
	new file:   resources/assets/js/views/install/Language.vue
	new file:   resources/assets/js/views/install/Requirements.vue
	new file:   resources/assets/js/views/install/Settings.vue
	new file:   resources/assets/js/views/install/Steps.vue
	new file:   resources/assets/js/views/install/update.js
	new file:   resources/assets/js/views/modules/apps.js
	new file:   resources/assets/js/views/portal/apps.js
	new file:   resources/assets/js/views/settings/categories.js
	new file:   resources/assets/js/views/settings/currencies.js
	new file:   resources/assets/js/views/settings/settings.js
	new file:   resources/assets/js/views/settings/taxes.js
	new file:   resources/assets/js/views/wizard/Company.vue
	new file:   resources/assets/js/views/wizard/Currencies.vue
	new file:   resources/assets/js/views/wizard/Finish.vue
	new file:   resources/assets/js/views/wizard/Steps.vue
	new file:   resources/assets/js/wizard.js
	new file:   resources/assets/sass/app.css
	new file:   resources/lang/ar-SA/accounts.php
	new file:   resources/lang/ar-SA/auth.php
	new file:   resources/lang/ar-SA/bills.php
	new file:   resources/lang/ar-SA/bulk_actions.php
	new file:   resources/lang/ar-SA/categories.php
	new file:   resources/lang/ar-SA/companies.php
	new file:   resources/lang/ar-SA/countries.php
	new file:   resources/lang/ar-SA/currencies.php
	new file:   resources/lang/ar-SA/customers.php
	new file:   resources/lang/ar-SA/dashboards.php
	new file:   resources/lang/ar-SA/demo.php
	new file:   resources/lang/ar-SA/documents.php
	new file:   resources/lang/ar-SA/email_templates.php
	new file:   resources/lang/ar-SA/errors.php
	new file:   resources/lang/ar-SA/footer.php
	new file:   resources/lang/ar-SA/general.php
	new file:   resources/lang/ar-SA/header.php
	new file:   resources/lang/ar-SA/import.php
	new file:   resources/lang/ar-SA/install.php
	new file:   resources/lang/ar-SA/invoices.php
	new file:   resources/lang/ar-SA/items.php
	new file:   resources/lang/ar-SA/maintenance.php
	new file:   resources/lang/ar-SA/messages.php
	new file:   resources/lang/ar-SA/modules.php
	new file:   resources/lang/ar-SA/notifications.php
	new file:   resources/lang/ar-SA/pagination.php
	new file:   resources/lang/ar-SA/passwords.php
	new file:   resources/lang/ar-SA/portal.php
	new file:   resources/lang/ar-SA/reconciliations.php
	new file:   resources/lang/ar-SA/recurring.php
	new file:   resources/lang/ar-SA/reports.php
	new file:   resources/lang/ar-SA/search_string.php
	new file:   resources/lang/ar-SA/settings.php
	new file:   resources/lang/ar-SA/taxes.php
	new file:   resources/lang/ar-SA/transactions.php
	new file:   resources/lang/ar-SA/transfers.php
	new file:   resources/lang/ar-SA/updates.php
	new file:   resources/lang/ar-SA/validation.php
	new file:   resources/lang/ar-SA/vendors.php
	new file:   resources/lang/ar-SA/widgets.php
	new file:   resources/lang/az-AZ/accounts.php
	new file:   resources/lang/az-AZ/auth.php
	new file:   resources/lang/az-AZ/bills.php
	new file:   resources/lang/az-AZ/bulk_actions.php
	new file:   resources/lang/az-AZ/companies.php
	new file:   resources/lang/az-AZ/countries.php
	new file:   resources/lang/az-AZ/currencies.php
	new file:   resources/lang/az-AZ/customers.php
	new file:   resources/lang/az-AZ/dashboards.php
	new file:   resources/lang/az-AZ/demo.php
	new file:   resources/lang/az-AZ/documents.php
	new file:   resources/lang/az-AZ/email_templates.php
	new file:   resources/lang/az-AZ/errors.php
	new file:   resources/lang/az-AZ/footer.php
	new file:   resources/lang/az-AZ/general.php
	new file:   resources/lang/az-AZ/header.php
	new file:   resources/lang/az-AZ/import.php
	new file:   resources/lang/az-AZ/install.php
	new file:   resources/lang/az-AZ/invoices.php
	new file:   resources/lang/az-AZ/items.php
	new file:   resources/lang/az-AZ/maintenance.php
	new file:   resources/lang/az-AZ/messages.php
	new file:   resources/lang/az-AZ/modules.php
	new file:   resources/lang/az-AZ/notifications.php
	new file:   resources/lang/az-AZ/pagination.php
	new file:   resources/lang/az-AZ/passwords.php
	new file:   resources/lang/az-AZ/payments.php
	new file:   resources/lang/az-AZ/reconciliations.php
	new file:   resources/lang/az-AZ/recurring.php
	new file:   resources/lang/az-AZ/reports.php
	new file:   resources/lang/az-AZ/search_string.php
	new file:   resources/lang/az-AZ/settings.php
	new file:   resources/lang/az-AZ/taxes.php
	new file:   resources/lang/az-AZ/transfers.php
	new file:   resources/lang/az-AZ/updates.php
	new file:   resources/lang/az-AZ/validation.php
	new file:   resources/lang/az-AZ/widgets.php
	new file:   resources/lang/bg-BG/accounts.php
	new file:   resources/lang/bg-BG/auth.php
	new file:   resources/lang/bg-BG/bills.php
	new file:   resources/lang/bg-BG/bulk_actions.php
	new file:   resources/lang/bg-BG/categories.php
	new file:   resources/lang/bg-BG/companies.php
	new file:   resources/lang/bg-BG/countries.php
	new file:   resources/lang/bg-BG/currencies.php
	new file:   resources/lang/bg-BG/customers.php
	new file:   resources/lang/bg-BG/dashboards.php
	new file:   resources/lang/bg-BG/demo.php
	new file:   resources/lang/bg-BG/documents.php
	new file:   resources/lang/bg-BG/email_templates.php
	new file:   resources/lang/bg-BG/errors.php
	new file:   resources/lang/bg-BG/footer.php
	new file:   resources/lang/bg-BG/general.php
	new file:   resources/lang/bg-BG/header.php
	new file:   resources/lang/bg-BG/import.php
	new file:   resources/lang/bg-BG/install.php
	new file:   resources/lang/bg-BG/invoices.php
	new file:   resources/lang/bg-BG/items.php
	new file:   resources/lang/bg-BG/maintenance.php
	new file:   resources/lang/bg-BG/messages.php
	new file:   resources/lang/bg-BG/modules.php
	new file:   resources/lang/bg-BG/notifications.php
	new file:   resources/lang/bg-BG/pagination.php
	new file:   resources/lang/bg-BG/passwords.php
	new file:   resources/lang/bg-BG/portal.php
	new file:   resources/lang/bg-BG/reconciliations.php
	new file:   resources/lang/bg-BG/recurring.php
	new file:   resources/lang/bg-BG/reports.php
	new file:   resources/lang/bg-BG/search_string.php
	new file:   resources/lang/bg-BG/settings.php
	new file:   resources/lang/bg-BG/taxes.php
	new file:   resources/lang/bg-BG/transactions.php
	new file:   resources/lang/bg-BG/transfers.php
	new file:   resources/lang/bg-BG/updates.php
	new file:   resources/lang/bg-BG/validation.php
	new file:   resources/lang/bg-BG/vendors.php
	new file:   resources/lang/bg-BG/widgets.php
	new file:   resources/lang/bn-BD/accounts.php
	new file:   resources/lang/bn-BD/auth.php
	new file:   resources/lang/bn-BD/bills.php
	new file:   resources/lang/bn-BD/bulk_actions.php
	new file:   resources/lang/bn-BD/companies.php
	new file:   resources/lang/bn-BD/countries.php
	new file:   resources/lang/bn-BD/currencies.php
	new file:   resources/lang/bn-BD/customers.php
	new file:   resources/lang/bn-BD/dashboards.php
	new file:   resources/lang/bn-BD/demo.php
	new file:   resources/lang/bn-BD/email_templates.php
	new file:   resources/lang/bn-BD/errors.php
	new file:   resources/lang/bn-BD/footer.php
	new file:   resources/lang/bn-BD/general.php
	new file:   resources/lang/bn-BD/header.php
	new file:   resources/lang/bn-BD/import.php
	new file:   resources/lang/bn-BD/install.php
	new file:   resources/lang/bn-BD/invoices.php
	new file:   resources/lang/bn-BD/items.php
	new file:   resources/lang/bn-BD/maintenance.php
	new file:   resources/lang/bn-BD/messages.php
	new file:   resources/lang/bn-BD/modules.php
	new file:   resources/lang/bn-BD/notifications.php
	new file:   resources/lang/bn-BD/pagination.php
	new file:   resources/lang/bn-BD/passwords.php
	new file:   resources/lang/bn-BD/reconciliations.php
	new file:   resources/lang/bn-BD/recurring.php
	new file:   resources/lang/bn-BD/reports.php
	new file:   resources/lang/bn-BD/settings.php
	new file:   resources/lang/bn-BD/taxes.php
	new file:   resources/lang/bn-BD/transfers.php
	new file:   resources/lang/bn-BD/updates.php
	new file:   resources/lang/bn-BD/validation.php
	new file:   resources/lang/bn-BD/widgets.php
	new file:   resources/lang/bs-BA/accounts.php
	new file:   resources/lang/bs-BA/auth.php
	new file:   resources/lang/bs-BA/bills.php
	new file:   resources/lang/bs-BA/bulk_actions.php
	new file:   resources/lang/bs-BA/categories.php
	new file:   resources/lang/bs-BA/companies.php
	new file:   resources/lang/bs-BA/countries.php
	new file:   resources/lang/bs-BA/currencies.php
	new file:   resources/lang/bs-BA/customers.php
	new file:   resources/lang/bs-BA/dashboards.php
	new file:   resources/lang/bs-BA/demo.php
	new file:   resources/lang/bs-BA/documents.php
	new file:   resources/lang/bs-BA/email_templates.php
	new file:   resources/lang/bs-BA/errors.php
	new file:   resources/lang/bs-BA/footer.php
	new file:   resources/lang/bs-BA/general.php
	new file:   resources/lang/bs-BA/header.php
	new file:   resources/lang/bs-BA/import.php
	new file:   resources/lang/bs-BA/install.php
	new file:   resources/lang/bs-BA/invoices.php
	new file:   resources/lang/bs-BA/items.php
	new file:   resources/lang/bs-BA/maintenance.php
	new file:   resources/lang/bs-BA/messages.php
	new file:   resources/lang/bs-BA/modules.php
	new file:   resources/lang/bs-BA/notifications.php
	new file:   resources/lang/bs-BA/pagination.php
	new file:   resources/lang/bs-BA/passwords.php
	new file:   resources/lang/bs-BA/payments.php
	new file:   resources/lang/bs-BA/portal.php
	new file:   resources/lang/bs-BA/reconciliations.php
	new file:   resources/lang/bs-BA/recurring.php
	new file:   resources/lang/bs-BA/reports.php
	new file:   resources/lang/bs-BA/revenues.php
	new file:   resources/lang/bs-BA/search_string.php
	new file:   resources/lang/bs-BA/settings.php
	new file:   resources/lang/bs-BA/taxes.php
	new file:   resources/lang/bs-BA/transactions.php
	new file:   resources/lang/bs-BA/transfers.php
	new file:   resources/lang/bs-BA/updates.php
	new file:   resources/lang/bs-BA/validation.php
	new file:   resources/lang/bs-BA/vendors.php
	new file:   resources/lang/bs-BA/widgets.php
	new file:   resources/lang/ca-ES/accounts.php
	new file:   resources/lang/ca-ES/auth.php
	new file:   resources/lang/ca-ES/bills.php
	new file:   resources/lang/ca-ES/bulk_actions.php
	new file:   resources/lang/ca-ES/categories.php
	new file:   resources/lang/ca-ES/companies.php
	new file:   resources/lang/ca-ES/countries.php
	new file:   resources/lang/ca-ES/currencies.php
	new file:   resources/lang/ca-ES/customers.php
	new file:   resources/lang/ca-ES/dashboards.php
	new file:   resources/lang/ca-ES/demo.php
	new file:   resources/lang/ca-ES/documents.php
	new file:   resources/lang/ca-ES/email_templates.php
	new file:   resources/lang/ca-ES/errors.php
	new file:   resources/lang/ca-ES/footer.php
	new file:   resources/lang/ca-ES/general.php
	new file:   resources/lang/ca-ES/header.php
	new file:   resources/lang/ca-ES/import.php
	new file:   resources/lang/ca-ES/install.php
	new file:   resources/lang/ca-ES/invoices.php
	new file:   resources/lang/ca-ES/items.php
	new file:   resources/lang/ca-ES/maintenance.php
	new file:   resources/lang/ca-ES/messages.php
	new file:   resources/lang/ca-ES/modules.php
	new file:   resources/lang/ca-ES/notifications.php
	new file:   resources/lang/ca-ES/pagination.php
	new file:   resources/lang/ca-ES/passwords.php
	new file:   resources/lang/ca-ES/payments.php
	new file:   resources/lang/ca-ES/portal.php
	new file:   resources/lang/ca-ES/reconciliations.php
	new file:   resources/lang/ca-ES/recurring.php
	new file:   resources/lang/ca-ES/reports.php
	new file:   resources/lang/ca-ES/revenues.php
	new file:   resources/lang/ca-ES/search_string.php
	new file:   resources/lang/ca-ES/settings.php
	new file:   resources/lang/ca-ES/taxes.php
	new file:   resources/lang/ca-ES/transactions.php
	new file:   resources/lang/ca-ES/transfers.php
	new file:   resources/lang/ca-ES/updates.php
	new file:   resources/lang/ca-ES/validation.php
	new file:   resources/lang/ca-ES/vendors.php
	new file:   resources/lang/ca-ES/widgets.php
	new file:   resources/lang/cs-CZ/accounts.php
	new file:   resources/lang/cs-CZ/auth.php
	new file:   resources/lang/cs-CZ/bills.php
	new file:   resources/lang/cs-CZ/bulk_actions.php
	new file:   resources/lang/cs-CZ/categories.php
	new file:   resources/lang/cs-CZ/companies.php
	new file:   resources/lang/cs-CZ/countries.php
	new file:   resources/lang/cs-CZ/currencies.php
	new file:   resources/lang/cs-CZ/customers.php
	new file:   resources/lang/cs-CZ/dashboard.php
	new file:   resources/lang/cs-CZ/dashboards.php
	new file:   resources/lang/cs-CZ/demo.php
	new file:   resources/lang/cs-CZ/documents.php
	new file:   resources/lang/cs-CZ/email_templates.php
	new file:   resources/lang/cs-CZ/errors.php
	new file:   resources/lang/cs-CZ/footer.php
	new file:   resources/lang/cs-CZ/general.php
	new file:   resources/lang/cs-CZ/header.php
	new file:   resources/lang/cs-CZ/import.php
	new file:   resources/lang/cs-CZ/install.php
	new file:   resources/lang/cs-CZ/invoices.php
	new file:   resources/lang/cs-CZ/items.php
	new file:   resources/lang/cs-CZ/maintenance.php
	new file:   resources/lang/cs-CZ/messages.php
	new file:   resources/lang/cs-CZ/modules.php
	new file:   resources/lang/cs-CZ/notifications.php
	new file:   resources/lang/cs-CZ/pagination.php
	new file:   resources/lang/cs-CZ/passwords.php
	new file:   resources/lang/cs-CZ/portal.php
	new file:   resources/lang/cs-CZ/reconciliations.php
	new file:   resources/lang/cs-CZ/recurring.php
	new file:   resources/lang/cs-CZ/reports.php
	new file:   resources/lang/cs-CZ/search_string.php
	new file:   resources/lang/cs-CZ/settings.php
	new file:   resources/lang/cs-CZ/taxes.php
	new file:   resources/lang/cs-CZ/transactions.php
	new file:   resources/lang/cs-CZ/transfers.php
	new file:   resources/lang/cs-CZ/updates.php
	new file:   resources/lang/cs-CZ/validation.php
	new file:   resources/lang/cs-CZ/vendors.php
	new file:   resources/lang/cs-CZ/widgets.php
	new file:   resources/lang/da-DK/accounts.php
	new file:   resources/lang/da-DK/auth.php
	new file:   resources/lang/da-DK/bills.php
	new file:   resources/lang/da-DK/bulk_actions.php
	new file:   resources/lang/da-DK/categories.php
	new file:   resources/lang/da-DK/companies.php
	new file:   resources/lang/da-DK/countries.php
	new file:   resources/lang/da-DK/currencies.php
	new file:   resources/lang/da-DK/customers.php
	new file:   resources/lang/da-DK/dashboards.php
	new file:   resources/lang/da-DK/demo.php
	new file:   resources/lang/da-DK/documents.php
	new file:   resources/lang/da-DK/email_templates.php
	new file:   resources/lang/da-DK/errors.php
	new file:   resources/lang/da-DK/footer.php
	new file:   resources/lang/da-DK/general.php
	new file:   resources/lang/da-DK/header.php
	new file:   resources/lang/da-DK/import.php
	new file:   resources/lang/da-DK/install.php
	new file:   resources/lang/da-DK/invoices.php
	new file:   resources/lang/da-DK/items.php
	new file:   resources/lang/da-DK/maintenance.php
	new file:   resources/lang/da-DK/messages.php
	new file:   resources/lang/da-DK/modules.php
	new file:   resources/lang/da-DK/notifications.php
	new file:   resources/lang/da-DK/pagination.php
	new file:   resources/lang/da-DK/passwords.php
	new file:   resources/lang/da-DK/payments.php
	new file:   resources/lang/da-DK/portal.php
	new file:   resources/lang/da-DK/reconciliations.php
	new file:   resources/lang/da-DK/recurring.php
	new file:   resources/lang/da-DK/reports.php
	new file:   resources/lang/da-DK/revenues.php
	new file:   resources/lang/da-DK/search_string.php
	new file:   resources/lang/da-DK/settings.php
	new file:   resources/lang/da-DK/taxes.php
	new file:   resources/lang/da-DK/transfers.php
	new file:   resources/lang/da-DK/updates.php
	new file:   resources/lang/da-DK/validation.php
	new file:   resources/lang/da-DK/widgets.php
	new file:   resources/lang/de-DE/accounts.php
	new file:   resources/lang/de-DE/auth.php
	new file:   resources/lang/de-DE/bills.php
	new file:   resources/lang/de-DE/bulk_actions.php
	new file:   resources/lang/de-DE/categories.php
	new file:   resources/lang/de-DE/companies.php
	new file:   resources/lang/de-DE/countries.php
	new file:   resources/lang/de-DE/currencies.php
	new file:   resources/lang/de-DE/customers.php
	new file:   resources/lang/de-DE/dashboards.php
	new file:   resources/lang/de-DE/demo.php
	new file:   resources/lang/de-DE/documents.php
	new file:   resources/lang/de-DE/email_templates.php
	new file:   resources/lang/de-DE/errors.php
	new file:   resources/lang/de-DE/footer.php
	new file:   resources/lang/de-DE/general.php
	new file:   resources/lang/de-DE/header.php
	new file:   resources/lang/de-DE/import.php
	new file:   resources/lang/de-DE/install.php
	new file:   resources/lang/de-DE/invoices.php
	new file:   resources/lang/de-DE/items.php
	new file:   resources/lang/de-DE/maintenance.php
	new file:   resources/lang/de-DE/messages.php
	new file:   resources/lang/de-DE/modules.php
	new file:   resources/lang/de-DE/notifications.php
	new file:   resources/lang/de-DE/pagination.php
	new file:   resources/lang/de-DE/passwords.php
	new file:   resources/lang/de-DE/portal.php
	new file:   resources/lang/de-DE/reconciliations.php
	new file:   resources/lang/de-DE/recurring.php
	new file:   resources/lang/de-DE/reports.php
	new file:   resources/lang/de-DE/search_string.php
	new file:   resources/lang/de-DE/settings.php
	new file:   resources/lang/de-DE/taxes.php
	new file:   resources/lang/de-DE/transactions.php
	new file:   resources/lang/de-DE/transfers.php
	new file:   resources/lang/de-DE/updates.php
	new file:   resources/lang/de-DE/validation.php
	new file:   resources/lang/de-DE/vendors.php
	new file:   resources/lang/de-DE/widgets.php
	new file:   resources/lang/el-GR/accounts.php
	new file:   resources/lang/el-GR/auth.php
	new file:   resources/lang/el-GR/bills.php
	new file:   resources/lang/el-GR/bulk_actions.php
	new file:   resources/lang/el-GR/categories.php
	new file:   resources/lang/el-GR/companies.php
	new file:   resources/lang/el-GR/countries.php
	new file:   resources/lang/el-GR/currencies.php
	new file:   resources/lang/el-GR/customers.php
	new file:   resources/lang/el-GR/dashboards.php
	new file:   resources/lang/el-GR/demo.php
	new file:   resources/lang/el-GR/documents.php
	new file:   resources/lang/el-GR/email_templates.php
	new file:   resources/lang/el-GR/errors.php
	new file:   resources/lang/el-GR/footer.php
	new file:   resources/lang/el-GR/general.php
	new file:   resources/lang/el-GR/header.php
	new file:   resources/lang/el-GR/import.php
	new file:   resources/lang/el-GR/install.php
	new file:   resources/lang/el-GR/invoices.php
	new file:   resources/lang/el-GR/items.php
	new file:   resources/lang/el-GR/maintenance.php
	new file:   resources/lang/el-GR/messages.php
	new file:   resources/lang/el-GR/modules.php
	new file:   resources/lang/el-GR/notifications.php
	new file:   resources/lang/el-GR/pagination.php
	new file:   resources/lang/el-GR/passwords.php
	new file:   resources/lang/el-GR/portal.php
	new file:   resources/lang/el-GR/reconciliations.php
	new file:   resources/lang/el-GR/recurring.php
	new file:   resources/lang/el-GR/reports.php
	new file:   resources/lang/el-GR/search_string.php
	new file:   resources/lang/el-GR/settings.php
	new file:   resources/lang/el-GR/taxes.php
	new file:   resources/lang/el-GR/transactions.php
	new file:   resources/lang/el-GR/transfers.php
	new file:   resources/lang/el-GR/updates.php
	new file:   resources/lang/el-GR/validation.php
	new file:   resources/lang/el-GR/vendors.php
	new file:   resources/lang/el-GR/widgets.php
	new file:   resources/lang/en-AU/accounts.php
	new file:   resources/lang/en-AU/auth.php
	new file:   resources/lang/en-AU/bills.php
	new file:   resources/lang/en-AU/bulk_actions.php
	new file:   resources/lang/en-AU/categories.php
	new file:   resources/lang/en-AU/companies.php
	new file:   resources/lang/en-AU/countries.php
	new file:   resources/lang/en-AU/currencies.php
	new file:   resources/lang/en-AU/customers.php
	new file:   resources/lang/en-AU/dashboards.php
	new file:   resources/lang/en-AU/demo.php
	new file:   resources/lang/en-AU/documents.php
	new file:   resources/lang/en-AU/email_templates.php
	new file:   resources/lang/en-AU/errors.php
	new file:   resources/lang/en-AU/footer.php
	new file:   resources/lang/en-AU/general.php
	new file:   resources/lang/en-AU/header.php
	new file:   resources/lang/en-AU/import.php
	new file:   resources/lang/en-AU/install.php
	new file:   resources/lang/en-AU/invoices.php
	new file:   resources/lang/en-AU/items.php
	new file:   resources/lang/en-AU/maintenance.php
	new file:   resources/lang/en-AU/messages.php
	new file:   resources/lang/en-AU/modules.php
	new file:   resources/lang/en-AU/notifications.php
	new file:   resources/lang/en-AU/pagination.php
	new file:   resources/lang/en-AU/passwords.php
	new file:   resources/lang/en-AU/portal.php
	new file:   resources/lang/en-AU/reconciliations.php
	new file:   resources/lang/en-AU/recurring.php
	new file:   resources/lang/en-AU/reports.php
	new file:   resources/lang/en-AU/search_string.php
	new file:   resources/lang/en-AU/settings.php
	new file:   resources/lang/en-AU/taxes.php
	new file:   resources/lang/en-AU/transactions.php
	new file:   resources/lang/en-AU/transfers.php
	new file:   resources/lang/en-AU/updates.php
	new file:   resources/lang/en-AU/validation.php
	new file:   resources/lang/en-AU/vendors.php
	new file:   resources/lang/en-AU/widgets.php
	new file:   resources/lang/en-GB/accounts.php
	new file:   resources/lang/en-GB/auth.php
	new file:   resources/lang/en-GB/bills.php
	new file:   resources/lang/en-GB/bulk_actions.php
	new file:   resources/lang/en-GB/categories.php
	new file:   resources/lang/en-GB/companies.php
	new file:   resources/lang/en-GB/countries.php
	new file:   resources/lang/en-GB/currencies.php
	new file:   resources/lang/en-GB/customers.php
	new file:   resources/lang/en-GB/dashboards.php
	new file:   resources/lang/en-GB/demo.php
	new file:   resources/lang/en-GB/documents.php
	new file:   resources/lang/en-GB/email_templates.php
	new file:   resources/lang/en-GB/errors.php
	new file:   resources/lang/en-GB/footer.php
	new file:   resources/lang/en-GB/general.php
	new file:   resources/lang/en-GB/header.php
	new file:   resources/lang/en-GB/import.php
	new file:   resources/lang/en-GB/install.php
	new file:   resources/lang/en-GB/invoices.php
	new file:   resources/lang/en-GB/items.php
	new file:   resources/lang/en-GB/maintenance.php
	new file:   resources/lang/en-GB/messages.php
	new file:   resources/lang/en-GB/modules.php
	new file:   resources/lang/en-GB/notifications.php
	new file:   resources/lang/en-GB/pagination.php
	new file:   resources/lang/en-GB/passwords.php
	new file:   resources/lang/en-GB/portal.php
	new file:   resources/lang/en-GB/reconciliations.php
	new file:   resources/lang/en-GB/recurring.php
	new file:   resources/lang/en-GB/reports.php
	new file:   resources/lang/en-GB/search_string.php
	new file:   resources/lang/en-GB/settings.php
	new file:   resources/lang/en-GB/taxes.php
	new file:   resources/lang/en-GB/transactions.php
	new file:   resources/lang/en-GB/transfers.php
	new file:   resources/lang/en-GB/updates.php
	new file:   resources/lang/en-GB/validation.php
	new file:   resources/lang/en-GB/vendors.php
	new file:   resources/lang/en-GB/widgets.php
	new file:   resources/lang/en-US/accounts.php
	new file:   resources/lang/en-US/auth.php
	new file:   resources/lang/en-US/bills.php
	new file:   resources/lang/en-US/bulk_actions.php
	new file:   resources/lang/en-US/categories.php
	new file:   resources/lang/en-US/companies.php
	new file:   resources/lang/en-US/countries.php
	new file:   resources/lang/en-US/currencies.php
	new file:   resources/lang/en-US/customers.php
	new file:   resources/lang/en-US/dashboards.php
	new file:   resources/lang/en-US/demo.php
	new file:   resources/lang/en-US/documents.php
	new file:   resources/lang/en-US/email_templates.php
	new file:   resources/lang/en-US/errors.php
	new file:   resources/lang/en-US/footer.php
	new file:   resources/lang/en-US/general.php
	new file:   resources/lang/en-US/header.php
	new file:   resources/lang/en-US/import.php
	new file:   resources/lang/en-US/install.php
	new file:   resources/lang/en-US/invoices.php
	new file:   resources/lang/en-US/items.php
	new file:   resources/lang/en-US/maintenance.php
	new file:   resources/lang/en-US/messages.php
	new file:   resources/lang/en-US/modules.php
	new file:   resources/lang/en-US/notifications.php
	new file:   resources/lang/en-US/pagination.php
	new file:   resources/lang/en-US/passwords.php
	new file:   resources/lang/en-US/portal.php
	new file:   resources/lang/en-US/reconciliations.php
	new file:   resources/lang/en-US/recurring.php
	new file:   resources/lang/en-US/reports.php
	new file:   resources/lang/en-US/search_string.php
	new file:   resources/lang/en-US/settings.php
	new file:   resources/lang/en-US/taxes.php
	new file:   resources/lang/en-US/transactions.php
	new file:   resources/lang/en-US/transfers.php
	new file:   resources/lang/en-US/updates.php
	new file:   resources/lang/en-US/validation.php
	new file:   resources/lang/en-US/vendors.php
	new file:   resources/lang/en-US/widgets.php
	new file:   resources/lang/es-AR/accounts.php
	new file:   resources/lang/es-AR/auth.php
	new file:   resources/lang/es-AR/bills.php
	new file:   resources/lang/es-AR/bulk_actions.php
	new file:   resources/lang/es-AR/categories.php
	new file:   resources/lang/es-AR/companies.php
	new file:   resources/lang/es-AR/countries.php
	new file:   resources/lang/es-AR/currencies.php
	new file:   resources/lang/es-AR/customers.php
	new file:   resources/lang/es-AR/dashboards.php
	new file:   resources/lang/es-AR/demo.php
	new file:   resources/lang/es-AR/documents.php
	new file:   resources/lang/es-AR/email_templates.php
	new file:   resources/lang/es-AR/errors.php
	new file:   resources/lang/es-AR/footer.php
	new file:   resources/lang/es-AR/general.php
	new file:   resources/lang/es-AR/header.php
	new file:   resources/lang/es-AR/import.php
	new file:   resources/lang/es-AR/install.php
	new file:   resources/lang/es-AR/invoices.php
	new file:   resources/lang/es-AR/items.php
	new file:   resources/lang/es-AR/maintenance.php
	new file:   resources/lang/es-AR/messages.php
	new file:   resources/lang/es-AR/modules.php
	new file:   resources/lang/es-AR/notifications.php
	new file:   resources/lang/es-AR/pagination.php
	new file:   resources/lang/es-AR/passwords.php
	new file:   resources/lang/es-AR/reconciliations.php
	new file:   resources/lang/es-AR/recurring.php
	new file:   resources/lang/es-AR/reports.php
	new file:   resources/lang/es-AR/search_string.php
	new file:   resources/lang/es-AR/settings.php
	new file:   resources/lang/es-AR/taxes.php
	new file:   resources/lang/es-AR/transfers.php
	new file:   resources/lang/es-AR/updates.php
	new file:   resources/lang/es-AR/validation.php
	new file:   resources/lang/es-AR/widgets.php
	new file:   resources/lang/es-CO/accounts.php
	new file:   resources/lang/es-CO/auth.php
	new file:   resources/lang/es-CO/bills.php
	new file:   resources/lang/es-CO/bulk_actions.php
	new file:   resources/lang/es-CO/categories.php
	new file:   resources/lang/es-CO/companies.php
	new file:   resources/lang/es-CO/countries.php
	new file:   resources/lang/es-CO/currencies.php
	new file:   resources/lang/es-CO/customers.php
	new file:   resources/lang/es-CO/dashboards.php
	new file:   resources/lang/es-CO/demo.php
	new file:   resources/lang/es-CO/documents.php
	new file:   resources/lang/es-CO/errors.php
	new file:   resources/lang/es-CO/footer.php
	new file:   resources/lang/es-CO/pagination.php
	new file:   resources/lang/es-CO/passwords.php
	new file:   resources/lang/es-CO/search_string.php
	new file:   resources/lang/es-CO/taxes.php
	new file:   resources/lang/es-CO/vendors.php
	new file:   resources/lang/es-CO/widgets.php
	new file:   resources/lang/es-ES/accounts.php
	new file:   resources/lang/es-ES/auth.php
	new file:   resources/lang/es-ES/bills.php
	new file:   resources/lang/es-ES/bulk_actions.php
	new file:   resources/lang/es-ES/categories.php
	new file:   resources/lang/es-ES/companies.php
	new file:   resources/lang/es-ES/countries.php
	new file:   resources/lang/es-ES/currencies.php
	new file:   resources/lang/es-ES/customers.php
	new file:   resources/lang/es-ES/dashboards.php
	new file:   resources/lang/es-ES/demo.php
	new file:   resources/lang/es-ES/documents.php
	new file:   resources/lang/es-ES/email_templates.php
	new file:   resources/lang/es-ES/errors.php
	new file:   resources/lang/es-ES/footer.php
	new file:   resources/lang/es-ES/general.php
	new file:   resources/lang/es-ES/header.php
	new file:   resources/lang/es-ES/import.php
	new file:   resources/lang/es-ES/install.php
	new file:   resources/lang/es-ES/invoices.php
	new file:   resources/lang/es-ES/items.php
	new file:   resources/lang/es-ES/maintenance.php
	new file:   resources/lang/es-ES/messages.php
	new file:   resources/lang/es-ES/modules.php
	new file:   resources/lang/es-ES/notifications.php
	new file:   resources/lang/es-ES/pagination.php
	new file:   resources/lang/es-ES/passwords.php
	new file:   resources/lang/es-ES/portal.php
	new file:   resources/lang/es-ES/reconciliations.php
	new file:   resources/lang/es-ES/recurring.php
	new file:   resources/lang/es-ES/reports.php
	new file:   resources/lang/es-ES/search_string.php
	new file:   resources/lang/es-ES/settings.php
	new file:   resources/lang/es-ES/taxes.php
	new file:   resources/lang/es-ES/transactions.php
	new file:   resources/lang/es-ES/transfers.php
	new file:   resources/lang/es-ES/updates.php
	new file:   resources/lang/es-ES/validation.php
	new file:   resources/lang/es-ES/vendors.php
	new file:   resources/lang/es-ES/widgets.php
	new file:   resources/lang/es-MX/accounts.php
	new file:   resources/lang/es-MX/auth.php
	new file:   resources/lang/es-MX/bills.php
	new file:   resources/lang/es-MX/bulk_actions.php
	new file:   resources/lang/es-MX/categories.php
	new file:   resources/lang/es-MX/companies.php
	new file:   resources/lang/es-MX/countries.php
	new file:   resources/lang/es-MX/currencies.php
	new file:   resources/lang/es-MX/customers.php
	new file:   resources/lang/es-MX/dashboards.php
	new file:   resources/lang/es-MX/demo.php
	new file:   resources/lang/es-MX/documents.php
	new file:   resources/lang/es-MX/email_templates.php
	new file:   resources/lang/es-MX/errors.php
	new file:   resources/lang/es-MX/footer.php
	new file:   resources/lang/es-MX/general.php
	new file:   resources/lang/es-MX/header.php
	new file:   resources/lang/es-MX/import.php
	new file:   resources/lang/es-MX/install.php
	new file:   resources/lang/es-MX/invoices.php
	new file:   resources/lang/es-MX/items.php
	new file:   resources/lang/es-MX/maintenance.php
	new file:   resources/lang/es-MX/messages.php
	new file:   resources/lang/es-MX/modules.php
	new file:   resources/lang/es-MX/notifications.php
	new file:   resources/lang/es-MX/pagination.php
	new file:   resources/lang/es-MX/passwords.php
	new file:   resources/lang/es-MX/portal.php
	new file:   resources/lang/es-MX/reconciliations.php
	new file:   resources/lang/es-MX/recurring.php
	new file:   resources/lang/es-MX/reports.php
	new file:   resources/lang/es-MX/search_string.php
	new file:   resources/lang/es-MX/settings.php
	new file:   resources/lang/es-MX/taxes.php
	new file:   resources/lang/es-MX/transactions.php
	new file:   resources/lang/es-MX/transfers.php
	new file:   resources/lang/es-MX/updates.php
	new file:   resources/lang/es-MX/validation.php
	new file:   resources/lang/es-MX/vendors.php
	new file:   resources/lang/es-MX/widgets.php
	new file:   resources/lang/et-EE/accounts.php
	new file:   resources/lang/et-EE/auth.php
	new file:   resources/lang/et-EE/bills.php
	new file:   resources/lang/et-EE/bulk_actions.php
	new file:   resources/lang/et-EE/companies.php
	new file:   resources/lang/et-EE/countries.php
	new file:   resources/lang/et-EE/currencies.php
	new file:   resources/lang/et-EE/customers.php
	new file:   resources/lang/et-EE/dashboards.php
	new file:   resources/lang/et-EE/demo.php
	new file:   resources/lang/et-EE/documents.php
	new file:   resources/lang/et-EE/email_templates.php
	new file:   resources/lang/et-EE/errors.php
	new file:   resources/lang/et-EE/footer.php
	new file:   resources/lang/et-EE/general.php
	new file:   resources/lang/et-EE/header.php
	new file:   resources/lang/et-EE/import.php
	new file:   resources/lang/et-EE/install.php
	new file:   resources/lang/et-EE/invoices.php
	new file:   resources/lang/et-EE/items.php
	new file:   resources/lang/et-EE/maintenance.php
	new file:   resources/lang/et-EE/messages.php
	new file:   resources/lang/et-EE/modules.php
	new file:   resources/lang/et-EE/notifications.php
	new file:   resources/lang/et-EE/pagination.php
	new file:   resources/lang/et-EE/passwords.php
	new file:   resources/lang/et-EE/reconciliations.php
	new file:   resources/lang/et-EE/recurring.php
	new file:   resources/lang/et-EE/reports.php
	new file:   resources/lang/et-EE/search_string.php
	new file:   resources/lang/et-EE/settings.php
	new file:   resources/lang/et-EE/taxes.php
	new file:   resources/lang/et-EE/transfers.php
	new file:   resources/lang/et-EE/updates.php
	new file:   resources/lang/et-EE/validation.php
	new file:   resources/lang/et-EE/widgets.php
	new file:   resources/lang/fa-IR/accounts.php
	new file:   resources/lang/fa-IR/auth.php
	new file:   resources/lang/fa-IR/bills.php
	new file:   resources/lang/fa-IR/bulk_actions.php
	new file:   resources/lang/fa-IR/categories.php
	new file:   resources/lang/fa-IR/companies.php
	new file:   resources/lang/fa-IR/countries.php
	new file:   resources/lang/fa-IR/currencies.php
	new file:   resources/lang/fa-IR/customers.php
	new file:   resources/lang/fa-IR/dashboards.php
	new file:   resources/lang/fa-IR/demo.php
	new file:   resources/lang/fa-IR/email_templates.php
	new file:   resources/lang/fa-IR/errors.php
	new file:   resources/lang/fa-IR/footer.php
	new file:   resources/lang/fa-IR/general.php
	new file:   resources/lang/fa-IR/header.php
	new file:   resources/lang/fa-IR/import.php
	new file:   resources/lang/fa-IR/install.php
	new file:   resources/lang/fa-IR/invoices.php
	new file:   resources/lang/fa-IR/items.php
	new file:   resources/lang/fa-IR/maintenance.php
	new file:   resources/lang/fa-IR/messages.php
	new file:   resources/lang/fa-IR/modules.php
	new file:   resources/lang/fa-IR/notifications.php
	new file:   resources/lang/fa-IR/pagination.php
	new file:   resources/lang/fa-IR/passwords.php
	new file:   resources/lang/fa-IR/payments.php
	new file:   resources/lang/fa-IR/reconciliations.php
	new file:   resources/lang/fa-IR/recurring.php
	new file:   resources/lang/fa-IR/reports.php
	new file:   resources/lang/fa-IR/revenues.php
	new file:   resources/lang/fa-IR/settings.php
	new file:   resources/lang/fa-IR/taxes.php
	new file:   resources/lang/fa-IR/transfers.php
	new file:   resources/lang/fa-IR/updates.php
	new file:   resources/lang/fa-IR/validation.php
	new file:   resources/lang/fa-IR/widgets.php
	new file:   resources/lang/fi-FI/accounts.php
	new file:   resources/lang/fi-FI/auth.php
	new file:   resources/lang/fi-FI/bills.php
	new file:   resources/lang/fi-FI/bulk_actions.php
	new file:   resources/lang/fi-FI/categories.php
	new file:   resources/lang/fi-FI/companies.php
	new file:   resources/lang/fi-FI/countries.php
	new file:   resources/lang/fi-FI/currencies.php
	new file:   resources/lang/fi-FI/customers.php
	new file:   resources/lang/fi-FI/dashboards.php
	new file:   resources/lang/fi-FI/demo.php
	new file:   resources/lang/fi-FI/documents.php
	new file:   resources/lang/fi-FI/email_templates.php
	new file:   resources/lang/fi-FI/errors.php
	new file:   resources/lang/fi-FI/footer.php
	new file:   resources/lang/fi-FI/general.php
	new file:   resources/lang/fi-FI/header.php
	new file:   resources/lang/fi-FI/import.php
	new file:   resources/lang/fi-FI/install.php
	new file:   resources/lang/fi-FI/invoices.php
	new file:   resources/lang/fi-FI/items.php
	new file:   resources/lang/fi-FI/maintenance.php
	new file:   resources/lang/fi-FI/messages.php
	new file:   resources/lang/fi-FI/modules.php
	new file:   resources/lang/fi-FI/notifications.php
	new file:   resources/lang/fi-FI/pagination.php
	new file:   resources/lang/fi-FI/passwords.php
	new file:   resources/lang/fi-FI/reconciliations.php
	new file:   resources/lang/fi-FI/recurring.php
	new file:   resources/lang/fi-FI/reports.php
	new file:   resources/lang/fi-FI/search_string.php
	new file:   resources/lang/fi-FI/settings.php
	new file:   resources/lang/fi-FI/taxes.php
	new file:   resources/lang/fi-FI/transfers.php
	new file:   resources/lang/fi-FI/updates.php
	new file:   resources/lang/fi-FI/validation.php
	new file:   resources/lang/fi-FI/widgets.php
	new file:   resources/lang/fr-FR/accounts.php
	new file:   resources/lang/fr-FR/auth.php
	new file:   resources/lang/fr-FR/bills.php
	new file:   resources/lang/fr-FR/bulk_actions.php
	new file:   resources/lang/fr-FR/categories.php
	new file:   resources/lang/fr-FR/companies.php
	new file:   resources/lang/fr-FR/countries.php
	new file:   resources/lang/fr-FR/currencies.php
	new file:   resources/lang/fr-FR/customers.php
	new file:   resources/lang/fr-FR/dashboards.php
	new file:   resources/lang/fr-FR/demo.php
	new file:   resources/lang/fr-FR/documents.php
	new file:   resources/lang/fr-FR/email_templates.php
	new file:   resources/lang/fr-FR/errors.php
	new file:   resources/lang/fr-FR/footer.php
	new file:   resources/lang/fr-FR/general.php
	new file:   resources/lang/fr-FR/header.php
	new file:   resources/lang/fr-FR/import.php
	new file:   resources/lang/fr-FR/install.php
	new file:   resources/lang/fr-FR/invoices.php
	new file:   resources/lang/fr-FR/items.php
	new file:   resources/lang/fr-FR/maintenance.php
	new file:   resources/lang/fr-FR/messages.php
	new file:   resources/lang/fr-FR/modules.php
	new file:   resources/lang/fr-FR/notifications.php
	new file:   resources/lang/fr-FR/pagination.php
	new file:   resources/lang/fr-FR/passwords.php
	new file:   resources/lang/fr-FR/portal.php
	new file:   resources/lang/fr-FR/reconciliations.php
	new file:   resources/lang/fr-FR/recurring.php
	new file:   resources/lang/fr-FR/reports.php
	new file:   resources/lang/fr-FR/search_string.php
	new file:   resources/lang/fr-FR/settings.php
	new file:   resources/lang/fr-FR/taxes.php
	new file:   resources/lang/fr-FR/transactions.php
	new file:   resources/lang/fr-FR/transfers.php
	new file:   resources/lang/fr-FR/updates.php
	new file:   resources/lang/fr-FR/validation.php
	new file:   resources/lang/fr-FR/vendors.php
	new file:   resources/lang/fr-FR/widgets.php
	new file:   resources/lang/he-IL/accounts.php
	new file:   resources/lang/he-IL/auth.php
	new file:   resources/lang/he-IL/bills.php
	new file:   resources/lang/he-IL/categories.php
	new file:   resources/lang/he-IL/companies.php
	new file:   resources/lang/he-IL/countries.php
	new file:   resources/lang/he-IL/currencies.php
	new file:   resources/lang/he-IL/customers.php
	new file:   resources/lang/he-IL/dashboard.php
	new file:   resources/lang/he-IL/dashboards.php
	new file:   resources/lang/he-IL/demo.php
	new file:   resources/lang/he-IL/errors.php
	new file:   resources/lang/he-IL/footer.php
	new file:   resources/lang/he-IL/general.php
	new file:   resources/lang/he-IL/header.php
	new file:   resources/lang/he-IL/import.php
	new file:   resources/lang/he-IL/install.php
	new file:   resources/lang/he-IL/invoices.php
	new file:   resources/lang/he-IL/items.php
	new file:   resources/lang/he-IL/messages.php
	new file:   resources/lang/he-IL/modules.php
	new file:   resources/lang/he-IL/notifications.php
	new file:   resources/lang/he-IL/pagination.php
	new file:   resources/lang/he-IL/passwords.php
	new file:   resources/lang/he-IL/reconciliations.php
	new file:   resources/lang/he-IL/recurring.php
	new file:   resources/lang/he-IL/reports.php
	new file:   resources/lang/he-IL/settings.php
	new file:   resources/lang/he-IL/taxes.php
	new file:   resources/lang/he-IL/transfers.php
	new file:   resources/lang/he-IL/updates.php
	new file:   resources/lang/he-IL/validation.php
	new file:   resources/lang/hi-IN/accounts.php
	new file:   resources/lang/hi-IN/auth.php
	new file:   resources/lang/hi-IN/bills.php
	new file:   resources/lang/hi-IN/bulk_actions.php
	new file:   resources/lang/hi-IN/categories.php
	new file:   resources/lang/hi-IN/companies.php
	new file:   resources/lang/hi-IN/countries.php
	new file:   resources/lang/hi-IN/currencies.php
	new file:   resources/lang/hi-IN/customers.php
	new file:   resources/lang/hi-IN/dashboards.php
	new file:   resources/lang/hi-IN/demo.php
	new file:   resources/lang/hi-IN/documents.php
	new file:   resources/lang/hi-IN/email_templates.php
	new file:   resources/lang/hi-IN/errors.php
	new file:   resources/lang/hi-IN/footer.php
	new file:   resources/lang/hi-IN/general.php
	new file:   resources/lang/hi-IN/header.php
	new file:   resources/lang/hi-IN/import.php
	new file:   resources/lang/hi-IN/install.php
	new file:   resources/lang/hi-IN/invoices.php
	new file:   resources/lang/hi-IN/items.php
	new file:   resources/lang/hi-IN/maintenance.php
	new file:   resources/lang/hi-IN/messages.php
	new file:   resources/lang/hi-IN/modules.php
	new file:   resources/lang/hi-IN/notifications.php
	new file:   resources/lang/hi-IN/pagination.php
	new file:   resources/lang/hi-IN/passwords.php
	new file:   resources/lang/hi-IN/portal.php
	new file:   resources/lang/hi-IN/reconciliations.php
	new file:   resources/lang/hi-IN/recurring.php
	new file:   resources/lang/hi-IN/reports.php
	new file:   resources/lang/hi-IN/search_string.php
	new file:   resources/lang/hi-IN/settings.php
	new file:   resources/lang/hi-IN/taxes.php
	new file:   resources/lang/hi-IN/transactions.php
	new file:   resources/lang/hi-IN/transfers.php
	new file:   resources/lang/hi-IN/updates.php
	new file:   resources/lang/hi-IN/validation.php
	new file:   resources/lang/hi-IN/vendors.php
	new file:   resources/lang/hi-IN/widgets.php
	new file:   resources/lang/hr-HR/accounts.php
	new file:   resources/lang/hr-HR/auth.php
	new file:   resources/lang/hr-HR/bills.php
	new file:   resources/lang/hr-HR/bulk_actions.php
	new file:   resources/lang/hr-HR/companies.php
	new file:   resources/lang/hr-HR/countries.php
	new file:   resources/lang/hr-HR/currencies.php
	new file:   resources/lang/hr-HR/customers.php
	new file:   resources/lang/hr-HR/dashboards.php
	new file:   resources/lang/hr-HR/demo.php
	new file:   resources/lang/hr-HR/email_templates.php
	new file:   resources/lang/hr-HR/errors.php
	new file:   resources/lang/hr-HR/footer.php
	new file:   resources/lang/hr-HR/general.php
	new file:   resources/lang/hr-HR/header.php
	new file:   resources/lang/hr-HR/import.php
	new file:   resources/lang/hr-HR/install.php
	new file:   resources/lang/hr-HR/invoices.php
	new file:   resources/lang/hr-HR/items.php
	new file:   resources/lang/hr-HR/maintenance.php
	new file:   resources/lang/hr-HR/messages.php
	new file:   resources/lang/hr-HR/modules.php
	new file:   resources/lang/hr-HR/notifications.php
	new file:   resources/lang/hr-HR/pagination.php
	new file:   resources/lang/hr-HR/passwords.php
	new file:   resources/lang/hr-HR/reconciliations.php
	new file:   resources/lang/hr-HR/recurring.php
	new file:   resources/lang/hr-HR/reports.php
	new file:   resources/lang/hr-HR/settings.php
	new file:   resources/lang/hr-HR/taxes.php
	new file:   resources/lang/hr-HR/transfers.php
	new file:   resources/lang/hr-HR/updates.php
	new file:   resources/lang/hr-HR/validation.php
	new file:   resources/lang/hr-HR/widgets.php
	new file:   resources/lang/hu-HU/accounts.php
	new file:   resources/lang/hu-HU/auth.php
	new file:   resources/lang/hu-HU/bills.php
	new file:   resources/lang/hu-HU/bulk_actions.php
	new file:   resources/lang/hu-HU/companies.php
	new file:   resources/lang/hu-HU/countries.php
	new file:   resources/lang/hu-HU/currencies.php
	new file:   resources/lang/hu-HU/customers.php
	new file:   resources/lang/hu-HU/dashboards.php
	new file:   resources/lang/hu-HU/demo.php
	new file:   resources/lang/hu-HU/email_templates.php
	new file:   resources/lang/hu-HU/errors.php
	new file:   resources/lang/hu-HU/footer.php
	new file:   resources/lang/hu-HU/header.php
	new file:   resources/lang/hu-HU/import.php
	new file:   resources/lang/hu-HU/install.php
	new file:   resources/lang/hu-HU/invoices.php
	new file:   resources/lang/hu-HU/items.php
	new file:   resources/lang/hu-HU/maintenance.php
	new file:   resources/lang/hu-HU/messages.php
	new file:   resources/lang/hu-HU/modules.php
	new file:   resources/lang/hu-HU/notifications.php
	new file:   resources/lang/hu-HU/pagination.php
	new file:   resources/lang/hu-HU/passwords.php
	new file:   resources/lang/hu-HU/reconciliations.php
	new file:   resources/lang/hu-HU/recurring.php
	new file:   resources/lang/hu-HU/reports.php
	new file:   resources/lang/hu-HU/taxes.php
	new file:   resources/lang/hu-HU/transfers.php
	new file:   resources/lang/hu-HU/updates.php
	new file:   resources/lang/hu-HU/validation.php
	new file:   resources/lang/hu-HU/vendors.php
	new file:   resources/lang/hu-HU/widgets.php
	new file:   resources/lang/id-ID/accounts.php
	new file:   resources/lang/id-ID/auth.php
	new file:   resources/lang/id-ID/bills.php
	new file:   resources/lang/id-ID/bulk_actions.php
	new file:   resources/lang/id-ID/categories.php
	new file:   resources/lang/id-ID/companies.php
	new file:   resources/lang/id-ID/countries.php
	new file:   resources/lang/id-ID/currencies.php
	new file:   resources/lang/id-ID/customers.php
	new file:   resources/lang/id-ID/dashboards.php
	new file:   resources/lang/id-ID/demo.php
	new file:   resources/lang/id-ID/documents.php
	new file:   resources/lang/id-ID/email_templates.php
	new file:   resources/lang/id-ID/errors.php
	new file:   resources/lang/id-ID/footer.php
	new file:   resources/lang/id-ID/general.php
	new file:   resources/lang/id-ID/header.php
	new file:   resources/lang/id-ID/import.php
	new file:   resources/lang/id-ID/install.php
	new file:   resources/lang/id-ID/invoices.php
	new file:   resources/lang/id-ID/items.php
	new file:   resources/lang/id-ID/maintenance.php
	new file:   resources/lang/id-ID/messages.php
	new file:   resources/lang/id-ID/modules.php
	new file:   resources/lang/id-ID/notifications.php
	new file:   resources/lang/id-ID/pagination.php
	new file:   resources/lang/id-ID/passwords.php
	new file:   resources/lang/id-ID/portal.php
	new file:   resources/lang/id-ID/reconciliations.php
	new file:   resources/lang/id-ID/recurring.php
	new file:   resources/lang/id-ID/reports.php
	new file:   resources/lang/id-ID/search_string.php
	new file:   resources/lang/id-ID/settings.php
	new file:   resources/lang/id-ID/taxes.php
	new file:   resources/lang/id-ID/transactions.php
	new file:   resources/lang/id-ID/transfers.php
	new file:   resources/lang/id-ID/updates.php
	new file:   resources/lang/id-ID/validation.php
	new file:   resources/lang/id-ID/vendors.php
	new file:   resources/lang/id-ID/widgets.php
	new file:   resources/lang/is-IS/accounts.php
	new file:   resources/lang/is-IS/auth.php
	new file:   resources/lang/is-IS/bills.php
	new file:   resources/lang/is-IS/bulk_actions.php
	new file:   resources/lang/is-IS/companies.php
	new file:   resources/lang/is-IS/countries.php
	new file:   resources/lang/is-IS/currencies.php
	new file:   resources/lang/is-IS/customers.php
	new file:   resources/lang/is-IS/dashboards.php
	new file:   resources/lang/is-IS/demo.php
	new file:   resources/lang/is-IS/email_templates.php
	new file:   resources/lang/is-IS/errors.php
	new file:   resources/lang/is-IS/footer.php
	new file:   resources/lang/is-IS/general.php
	new file:   resources/lang/is-IS/header.php
	new file:   resources/lang/is-IS/import.php
	new file:   resources/lang/is-IS/install.php
	new file:   resources/lang/is-IS/invoices.php
	new file:   resources/lang/is-IS/items.php
	new file:   resources/lang/is-IS/maintenance.php
	new file:   resources/lang/is-IS/messages.php
	new file:   resources/lang/is-IS/modules.php
	new file:   resources/lang/is-IS/notifications.php
	new file:   resources/lang/is-IS/pagination.php
	new file:   resources/lang/is-IS/passwords.php
	new file:   resources/lang/is-IS/reconciliations.php
	new file:   resources/lang/is-IS/recurring.php
	new file:   resources/lang/is-IS/reports.php
	new file:   resources/lang/is-IS/settings.php
	new file:   resources/lang/is-IS/taxes.php
	new file:   resources/lang/is-IS/transfers.php
	new file:   resources/lang/is-IS/updates.php
	new file:   resources/lang/is-IS/validation.php
	new file:   resources/lang/is-IS/widgets.php
	new file:   resources/lang/it-IT/accounts.php
	new file:   resources/lang/it-IT/auth.php
	new file:   resources/lang/it-IT/bills.php
	new file:   resources/lang/it-IT/bulk_actions.php
	new file:   resources/lang/it-IT/categories.php
	new file:   resources/lang/it-IT/companies.php
	new file:   resources/lang/it-IT/countries.php
	new file:   resources/lang/it-IT/currencies.php
	new file:   resources/lang/it-IT/customers.php
	new file:   resources/lang/it-IT/dashboards.php
	new file:   resources/lang/it-IT/demo.php
	new file:   resources/lang/it-IT/documents.php
	new file:   resources/lang/it-IT/email_templates.php
	new file:   resources/lang/it-IT/errors.php
	new file:   resources/lang/it-IT/footer.php
	new file:   resources/lang/it-IT/general.php
	new file:   resources/lang/it-IT/header.php
	new file:   resources/lang/it-IT/import.php
	new file:   resources/lang/it-IT/install.php
	new file:   resources/lang/it-IT/invoices.php
	new file:   resources/lang/it-IT/items.php
	new file:   resources/lang/it-IT/maintenance.php
	new file:   resources/lang/it-IT/messages.php
	new file:   resources/lang/it-IT/modules.php
	new file:   resources/lang/it-IT/notifications.php
	new file:   resources/lang/it-IT/pagination.php
	new file:   resources/lang/it-IT/passwords.php
	new file:   resources/lang/it-IT/portal.php
	new file:   resources/lang/it-IT/reconciliations.php
	new file:   resources/lang/it-IT/recurring.php
	new file:   resources/lang/it-IT/reports.php
	new file:   resources/lang/it-IT/search_string.php
	new file:   resources/lang/it-IT/settings.php
	new file:   resources/lang/it-IT/taxes.php
	new file:   resources/lang/it-IT/transactions.php
	new file:   resources/lang/it-IT/transfers.php
	new file:   resources/lang/it-IT/updates.php
	new file:   resources/lang/it-IT/validation.php
	new file:   resources/lang/it-IT/vendors.php
	new file:   resources/lang/it-IT/widgets.php
	new file:   resources/lang/ja-JP/accounts.php
	new file:   resources/lang/ja-JP/auth.php
	new file:   resources/lang/ja-JP/bills.php
	new file:   resources/lang/ja-JP/bulk_actions.php
	new file:   resources/lang/ja-JP/companies.php
	new file:   resources/lang/ja-JP/countries.php
	new file:   resources/lang/ja-JP/currencies.php
	new file:   resources/lang/ja-JP/customers.php
	new file:   resources/lang/ja-JP/dashboards.php
	new file:   resources/lang/ja-JP/demo.php
	new file:   resources/lang/ja-JP/email_templates.php
	new file:   resources/lang/ja-JP/errors.php
	new file:   resources/lang/ja-JP/footer.php
	new file:   resources/lang/ja-JP/general.php
	new file:   resources/lang/ja-JP/header.php
	new file:   resources/lang/ja-JP/import.php
	new file:   resources/lang/ja-JP/install.php
	new file:   resources/lang/ja-JP/invoices.php
	new file:   resources/lang/ja-JP/items.php
	new file:   resources/lang/ja-JP/maintenance.php
	new file:   resources/lang/ja-JP/messages.php
	new file:   resources/lang/ja-JP/modules.php
	new file:   resources/lang/ja-JP/notifications.php
	new file:   resources/lang/ja-JP/pagination.php
	new file:   resources/lang/ja-JP/passwords.php
	new file:   resources/lang/ja-JP/reconciliations.php
	new file:   resources/lang/ja-JP/recurring.php
	new file:   resources/lang/ja-JP/reports.php
	new file:   resources/lang/ja-JP/settings.php
	new file:   resources/lang/ja-JP/taxes.php
	new file:   resources/lang/ja-JP/transfers.php
	new file:   resources/lang/ja-JP/updates.php
	new file:   resources/lang/ja-JP/validation.php
	new file:   resources/lang/ja-JP/widgets.php
	new file:   resources/lang/ka-GE/accounts.php
	new file:   resources/lang/ka-GE/auth.php
	new file:   resources/lang/ka-GE/bills.php
	new file:   resources/lang/ka-GE/companies.php
	new file:   resources/lang/ka-GE/countries.php
	new file:   resources/lang/ka-GE/currencies.php
	new file:   resources/lang/ka-GE/customers.php
	new file:   resources/lang/ka-GE/dashboard.php
	new file:   resources/lang/ka-GE/demo.php
	new file:   resources/lang/ka-GE/email_templates.php
	new file:   resources/lang/ka-GE/errors.php
	new file:   resources/lang/ka-GE/footer.php
	new file:   resources/lang/ka-GE/general.php
	new file:   resources/lang/ka-GE/header.php
	new file:   resources/lang/ka-GE/import.php
	new file:   resources/lang/ka-GE/install.php
	new file:   resources/lang/ka-GE/invoices.php
	new file:   resources/lang/ka-GE/items.php
	new file:   resources/lang/ka-GE/maintenance.php
	new file:   resources/lang/ka-GE/messages.php
	new file:   resources/lang/ka-GE/modules.php
	new file:   resources/lang/ka-GE/notifications.php
	new file:   resources/lang/ka-GE/pagination.php
	new file:   resources/lang/ka-GE/passwords.php
	new file:   resources/lang/ka-GE/reconciliations.php
	new file:   resources/lang/ka-GE/recurring.php
	new file:   resources/lang/ka-GE/reports.php
	new file:   resources/lang/ka-GE/settings.php
	new file:   resources/lang/ka-GE/taxes.php
	new file:   resources/lang/ka-GE/transfers.php
	new file:   resources/lang/ka-GE/updates.php
	new file:   resources/lang/ka-GE/validation.php
	new file:   resources/lang/ko-KR/accounts.php
	new file:   resources/lang/ko-KR/auth.php
	new file:   resources/lang/ko-KR/bills.php
	new file:   resources/lang/ko-KR/companies.php
	new file:   resources/lang/ko-KR/countries.php
	new file:   resources/lang/ko-KR/currencies.php
	new file:   resources/lang/ko-KR/customers.php
	new file:   resources/lang/ko-KR/dashboard.php
	new file:   resources/lang/ko-KR/demo.php
	new file:   resources/lang/ko-KR/footer.php
	new file:   resources/lang/ko-KR/general.php
	new file:   resources/lang/ko-KR/header.php
	new file:   resources/lang/ko-KR/import.php
	new file:   resources/lang/ko-KR/install.php
	new file:   resources/lang/ko-KR/invoices.php
	new file:   resources/lang/ko-KR/items.php
	new file:   resources/lang/ko-KR/messages.php
	new file:   resources/lang/ko-KR/modules.php
	new file:   resources/lang/ko-KR/notifications.php
	new file:   resources/lang/ko-KR/pagination.php
	new file:   resources/lang/ko-KR/passwords.php
	new file:   resources/lang/ko-KR/reconciliations.php
	new file:   resources/lang/ko-KR/recurring.php
	new file:   resources/lang/ko-KR/reports.php
	new file:   resources/lang/ko-KR/settings.php
	new file:   resources/lang/ko-KR/taxes.php
	new file:   resources/lang/ko-KR/transfers.php
	new file:   resources/lang/ko-KR/updates.php
	new file:   resources/lang/ko-KR/validation.php
	new file:   resources/lang/lt-LT/accounts.php
	new file:   resources/lang/lt-LT/auth.php
	new file:   resources/lang/lt-LT/bills.php
	new file:   resources/lang/lt-LT/bulk_actions.php
	new file:   resources/lang/lt-LT/companies.php
	new file:   resources/lang/lt-LT/countries.php
	new file:   resources/lang/lt-LT/currencies.php
	new file:   resources/lang/lt-LT/customers.php
	new file:   resources/lang/lt-LT/dashboards.php
	new file:   resources/lang/lt-LT/demo.php
	new file:   resources/lang/lt-LT/email_templates.php
	new file:   resources/lang/lt-LT/errors.php
	new file:   resources/lang/lt-LT/footer.php
	new file:   resources/lang/lt-LT/general.php
	new file:   resources/lang/lt-LT/header.php
	new file:   resources/lang/lt-LT/import.php
	new file:   resources/lang/lt-LT/install.php
	new file:   resources/lang/lt-LT/invoices.php
	new file:   resources/lang/lt-LT/items.php
	new file:   resources/lang/lt-LT/maintenance.php
	new file:   resources/lang/lt-LT/messages.php
	new file:   resources/lang/lt-LT/modules.php
	new file:   resources/lang/lt-LT/notifications.php
	new file:   resources/lang/lt-LT/pagination.php
	new file:   resources/lang/lt-LT/passwords.php
	new file:   resources/lang/lt-LT/reconciliations.php
	new file:   resources/lang/lt-LT/recurring.php
	new file:   resources/lang/lt-LT/reports.php
	new file:   resources/lang/lt-LT/settings.php
	new file:   resources/lang/lt-LT/taxes.php
	new file:   resources/lang/lt-LT/transfers.php
	new file:   resources/lang/lt-LT/updates.php
	new file:   resources/lang/lt-LT/validation.php
	new file:   resources/lang/lt-LT/widgets.php
	new file:   resources/lang/lv-LV/accounts.php
	new file:   resources/lang/lv-LV/auth.php
	new file:   resources/lang/lv-LV/bills.php
	new file:   resources/lang/lv-LV/bulk_actions.php
	new file:   resources/lang/lv-LV/categories.php
	new file:   resources/lang/lv-LV/companies.php
	new file:   resources/lang/lv-LV/countries.php
	new file:   resources/lang/lv-LV/currencies.php
	new file:   resources/lang/lv-LV/customers.php
	new file:   resources/lang/lv-LV/dashboards.php
	new file:   resources/lang/lv-LV/demo.php
	new file:   resources/lang/lv-LV/documents.php
	new file:   resources/lang/lv-LV/email_templates.php
	new file:   resources/lang/lv-LV/errors.php
	new file:   resources/lang/lv-LV/footer.php
	new file:   resources/lang/lv-LV/general.php
	new file:   resources/lang/lv-LV/header.php
	new file:   resources/lang/lv-LV/import.php
	new file:   resources/lang/lv-LV/install.php
	new file:   resources/lang/lv-LV/invoices.php
	new file:   resources/lang/lv-LV/items.php
	new file:   resources/lang/lv-LV/maintenance.php
	new file:   resources/lang/lv-LV/messages.php
	new file:   resources/lang/lv-LV/modules.php
	new file:   resources/lang/lv-LV/notifications.php
	new file:   resources/lang/lv-LV/pagination.php
	new file:   resources/lang/lv-LV/passwords.php
	new file:   resources/lang/lv-LV/portal.php
	new file:   resources/lang/lv-LV/reconciliations.php
	new file:   resources/lang/lv-LV/recurring.php
	new file:   resources/lang/lv-LV/reports.php
	new file:   resources/lang/lv-LV/search_string.php
	new file:   resources/lang/lv-LV/settings.php
	new file:   resources/lang/lv-LV/taxes.php
	new file:   resources/lang/lv-LV/transactions.php
	new file:   resources/lang/lv-LV/transfers.php
	new file:   resources/lang/lv-LV/updates.php
	new file:   resources/lang/lv-LV/validation.php
	new file:   resources/lang/lv-LV/vendors.php
	new file:   resources/lang/lv-LV/widgets.php
	new file:   resources/lang/mk-MK/accounts.php
	new file:   resources/lang/mk-MK/auth.php
	new file:   resources/lang/mk-MK/bills.php
	new file:   resources/lang/mk-MK/bulk_actions.php
	new file:   resources/lang/mk-MK/categories.php
	new file:   resources/lang/mk-MK/companies.php
	new file:   resources/lang/mk-MK/countries.php
	new file:   resources/lang/mk-MK/currencies.php
	new file:   resources/lang/mk-MK/customers.php
	new file:   resources/lang/mk-MK/dashboard.php
	new file:   resources/lang/mk-MK/dashboards.php
	new file:   resources/lang/mk-MK/demo.php
	new file:   resources/lang/mk-MK/documents.php
	new file:   resources/lang/mk-MK/email_templates.php
	new file:   resources/lang/mk-MK/errors.php
	new file:   resources/lang/mk-MK/footer.php
	new file:   resources/lang/mk-MK/general.php
	new file:   resources/lang/mk-MK/header.php
	new file:   resources/lang/mk-MK/import.php
	new file:   resources/lang/mk-MK/install.php
	new file:   resources/lang/mk-MK/invoices.php
	new file:   resources/lang/mk-MK/items.php
	new file:   resources/lang/mk-MK/maintenance.php
	new file:   resources/lang/mk-MK/messages.php
	new file:   resources/lang/mk-MK/modules.php
	new file:   resources/lang/mk-MK/notifications.php
	new file:   resources/lang/mk-MK/pagination.php
	new file:   resources/lang/mk-MK/passwords.php
	new file:   resources/lang/mk-MK/payments.php
	new file:   resources/lang/mk-MK/portal.php
	new file:   resources/lang/mk-MK/reconciliations.php
	new file:   resources/lang/mk-MK/recurring.php
	new file:   resources/lang/mk-MK/reports.php
	new file:   resources/lang/mk-MK/revenues.php
	new file:   resources/lang/mk-MK/search_string.php
	new file:   resources/lang/mk-MK/settings.php
	new file:   resources/lang/mk-MK/taxes.php
	new file:   resources/lang/mk-MK/transactions.php
	new file:   resources/lang/mk-MK/transfers.php
	new file:   resources/lang/mk-MK/updates.php
	new file:   resources/lang/mk-MK/validation.php
	new file:   resources/lang/mk-MK/vendors.php
	new file:   resources/lang/mk-MK/widgets.php
	new file:   resources/lang/ms-MY/accounts.php
	new file:   resources/lang/ms-MY/auth.php
	new file:   resources/lang/ms-MY/bills.php
	new file:   resources/lang/ms-MY/bulk_actions.php
	new file:   resources/lang/ms-MY/categories.php
	new file:   resources/lang/ms-MY/companies.php
	new file:   resources/lang/ms-MY/countries.php
	new file:   resources/lang/ms-MY/currencies.php
	new file:   resources/lang/ms-MY/customers.php
	new file:   resources/lang/ms-MY/dashboards.php
	new file:   resources/lang/ms-MY/demo.php
	new file:   resources/lang/ms-MY/documents.php
	new file:   resources/lang/ms-MY/email_templates.php
	new file:   resources/lang/ms-MY/errors.php
	new file:   resources/lang/ms-MY/footer.php
	new file:   resources/lang/ms-MY/general.php
	new file:   resources/lang/ms-MY/header.php
	new file:   resources/lang/ms-MY/import.php
	new file:   resources/lang/ms-MY/install.php
	new file:   resources/lang/ms-MY/invoices.php
	new file:   resources/lang/ms-MY/items.php
	new file:   resources/lang/ms-MY/maintenance.php
	new file:   resources/lang/ms-MY/messages.php
	new file:   resources/lang/ms-MY/modules.php
	new file:   resources/lang/ms-MY/notifications.php
	new file:   resources/lang/ms-MY/pagination.php
	new file:   resources/lang/ms-MY/passwords.php
	new file:   resources/lang/ms-MY/portal.php
	new file:   resources/lang/ms-MY/reconciliations.php
	new file:   resources/lang/ms-MY/recurring.php
	new file:   resources/lang/ms-MY/reports.php
	new file:   resources/lang/ms-MY/search_string.php
	new file:   resources/lang/ms-MY/settings.php
	new file:   resources/lang/ms-MY/taxes.php
	new file:   resources/lang/ms-MY/transactions.php
	new file:   resources/lang/ms-MY/transfers.php
	new file:   resources/lang/ms-MY/updates.php
	new file:   resources/lang/ms-MY/validation.php
	new file:   resources/lang/ms-MY/vendors.php
	new file:   resources/lang/ms-MY/widgets.php
	new file:   resources/lang/nb-NO/accounts.php
	new file:   resources/lang/nb-NO/auth.php
	new file:   resources/lang/nb-NO/bills.php
	new file:   resources/lang/nb-NO/bulk_actions.php
	new file:   resources/lang/nb-NO/categories.php
	new file:   resources/lang/nb-NO/companies.php
	new file:   resources/lang/nb-NO/countries.php
	new file:   resources/lang/nb-NO/currencies.php
	new file:   resources/lang/nb-NO/customers.php
	new file:   resources/lang/nb-NO/dashboards.php
	new file:   resources/lang/nb-NO/demo.php
	new file:   resources/lang/nb-NO/documents.php
	new file:   resources/lang/nb-NO/email_templates.php
	new file:   resources/lang/nb-NO/errors.php
	new file:   resources/lang/nb-NO/footer.php
	new file:   resources/lang/nb-NO/general.php
	new file:   resources/lang/nb-NO/header.php
	new file:   resources/lang/nb-NO/import.php
	new file:   resources/lang/nb-NO/install.php
	new file:   resources/lang/nb-NO/invoices.php
	new file:   resources/lang/nb-NO/items.php
	new file:   resources/lang/nb-NO/maintenance.php
	new file:   resources/lang/nb-NO/messages.php
	new file:   resources/lang/nb-NO/modules.php
	new file:   resources/lang/nb-NO/notifications.php
	new file:   resources/lang/nb-NO/pagination.php
	new file:   resources/lang/nb-NO/passwords.php
	new file:   resources/lang/nb-NO/payments.php
	new file:   resources/lang/nb-NO/portal.php
	new file:   resources/lang/nb-NO/reconciliations.php
	new file:   resources/lang/nb-NO/recurring.php
	new file:   resources/lang/nb-NO/reports.php
	new file:   resources/lang/nb-NO/revenues.php
	new file:   resources/lang/nb-NO/search_string.php
	new file:   resources/lang/nb-NO/settings.php
	new file:   resources/lang/nb-NO/taxes.php
	new file:   resources/lang/nb-NO/transactions.php
	new file:   resources/lang/nb-NO/transfers.php
	new file:   resources/lang/nb-NO/updates.php
	new file:   resources/lang/nb-NO/validation.php
	new file:   resources/lang/nb-NO/vendors.php
	new file:   resources/lang/nb-NO/widgets.php
	new file:   resources/lang/ne-NP/accounts.php
	new file:   resources/lang/ne-NP/auth.php
	new file:   resources/lang/ne-NP/bills.php
	new file:   resources/lang/ne-NP/bulk_actions.php
	new file:   resources/lang/ne-NP/companies.php
	new file:   resources/lang/ne-NP/countries.php
	new file:   resources/lang/ne-NP/currencies.php
	new file:   resources/lang/ne-NP/customers.php
	new file:   resources/lang/ne-NP/dashboards.php
	new file:   resources/lang/ne-NP/demo.php
	new file:   resources/lang/ne-NP/documents.php
	new file:   resources/lang/ne-NP/email_templates.php
	new file:   resources/lang/ne-NP/errors.php
	new file:   resources/lang/ne-NP/footer.php
	new file:   resources/lang/ne-NP/general.php
	new file:   resources/lang/ne-NP/header.php
	new file:   resources/lang/ne-NP/import.php
	new file:   resources/lang/ne-NP/install.php
	new file:   resources/lang/ne-NP/invoices.php
	new file:   resources/lang/ne-NP/items.php
	new file:   resources/lang/ne-NP/maintenance.php
	new file:   resources/lang/ne-NP/messages.php
	new file:   resources/lang/ne-NP/modules.php
	new file:   resources/lang/ne-NP/notifications.php
	new file:   resources/lang/ne-NP/pagination.php
	new file:   resources/lang/ne-NP/passwords.php
	new file:   resources/lang/ne-NP/reconciliations.php
	new file:   resources/lang/ne-NP/recurring.php
	new file:   resources/lang/ne-NP/reports.php
	new file:   resources/lang/ne-NP/search_string.php
	new file:   resources/lang/ne-NP/settings.php
	new file:   resources/lang/ne-NP/taxes.php
	new file:   resources/lang/ne-NP/transfers.php
	new file:   resources/lang/ne-NP/updates.php
	new file:   resources/lang/ne-NP/validation.php
	new file:   resources/lang/ne-NP/widgets.php
	new file:   resources/lang/nl-NL/accounts.php
	new file:   resources/lang/nl-NL/auth.php
	new file:   resources/lang/nl-NL/bills.php
	new file:   resources/lang/nl-NL/bulk_actions.php
	new file:   resources/lang/nl-NL/categories.php
	new file:   resources/lang/nl-NL/companies.php
	new file:   resources/lang/nl-NL/countries.php
	new file:   resources/lang/nl-NL/currencies.php
	new file:   resources/lang/nl-NL/customers.php
	new file:   resources/lang/nl-NL/dashboards.php
	new file:   resources/lang/nl-NL/demo.php
	new file:   resources/lang/nl-NL/documents.php
	new file:   resources/lang/nl-NL/email_templates.php
	new file:   resources/lang/nl-NL/errors.php
	new file:   resources/lang/nl-NL/footer.php
	new file:   resources/lang/nl-NL/general.php
	new file:   resources/lang/nl-NL/header.php
	new file:   resources/lang/nl-NL/import.php
	new file:   resources/lang/nl-NL/install.php
	new file:   resources/lang/nl-NL/invoices.php
	new file:   resources/lang/nl-NL/items.php
	new file:   resources/lang/nl-NL/maintenance.php
	new file:   resources/lang/nl-NL/messages.php
	new file:   resources/lang/nl-NL/modules.php
	new file:   resources/lang/nl-NL/notifications.php
	new file:   resources/lang/nl-NL/pagination.php
	new file:   resources/lang/nl-NL/passwords.php
	new file:   resources/lang/nl-NL/portal.php
	new file:   resources/lang/nl-NL/reconciliations.php
	new file:   resources/lang/nl-NL/recurring.php
	new file:   resources/lang/nl-NL/reports.php
	new file:   resources/lang/nl-NL/search_string.php
	new file:   resources/lang/nl-NL/settings.php
	new file:   resources/lang/nl-NL/taxes.php
	new file:   resources/lang/nl-NL/transactions.php
	new file:   resources/lang/nl-NL/transfers.php
	new file:   resources/lang/nl-NL/updates.php
	new file:   resources/lang/nl-NL/validation.php
	new file:   resources/lang/nl-NL/vendors.php
	new file:   resources/lang/nl-NL/widgets.php
	new file:   resources/lang/pl-PL/accounts.php
	new file:   resources/lang/pl-PL/auth.php
	new file:   resources/lang/pl-PL/bills.php
	new file:   resources/lang/pl-PL/bulk_actions.php
	new file:   resources/lang/pl-PL/categories.php
	new file:   resources/lang/pl-PL/companies.php
	new file:   resources/lang/pl-PL/countries.php
	new file:   resources/lang/pl-PL/currencies.php
	new file:   resources/lang/pl-PL/customers.php
	new file:   resources/lang/pl-PL/dashboards.php
	new file:   resources/lang/pl-PL/demo.php
	new file:   resources/lang/pl-PL/documents.php
	new file:   resources/lang/pl-PL/email_templates.php
	new file:   resources/lang/pl-PL/errors.php
	new file:   resources/lang/pl-PL/footer.php
	new file:   resources/lang/pl-PL/general.php
	new file:   resources/lang/pl-PL/header.php
	new file:   resources/lang/pl-PL/import.php
	new file:   resources/lang/pl-PL/install.php
	new file:   resources/lang/pl-PL/invoices.php
	new file:   resources/lang/pl-PL/items.php
	new file:   resources/lang/pl-PL/maintenance.php
	new file:   resources/lang/pl-PL/messages.php
	new file:   resources/lang/pl-PL/modules.php
	new file:   resources/lang/pl-PL/notifications.php
	new file:   resources/lang/pl-PL/pagination.php
	new file:   resources/lang/pl-PL/passwords.php
	new file:   resources/lang/pl-PL/portal.php
	new file:   resources/lang/pl-PL/reconciliations.php
	new file:   resources/lang/pl-PL/recurring.php
	new file:   resources/lang/pl-PL/reports.php
	new file:   resources/lang/pl-PL/search_string.php
	new file:   resources/lang/pl-PL/settings.php
	new file:   resources/lang/pl-PL/taxes.php
	new file:   resources/lang/pl-PL/transactions.php
	new file:   resources/lang/pl-PL/transfers.php
	new file:   resources/lang/pl-PL/updates.php
	new file:   resources/lang/pl-PL/validation.php
	new file:   resources/lang/pl-PL/vendors.php
	new file:   resources/lang/pl-PL/widgets.php
	new file:   resources/lang/pt-BR/accounts.php
	new file:   resources/lang/pt-BR/auth.php
	new file:   resources/lang/pt-BR/bills.php
	new file:   resources/lang/pt-BR/bulk_actions.php
	new file:   resources/lang/pt-BR/categories.php
	new file:   resources/lang/pt-BR/companies.php
	new file:   resources/lang/pt-BR/countries.php
	new file:   resources/lang/pt-BR/currencies.php
	new file:   resources/lang/pt-BR/customers.php
	new file:   resources/lang/pt-BR/dashboards.php
	new file:   resources/lang/pt-BR/demo.php
	new file:   resources/lang/pt-BR/documents.php
	new file:   resources/lang/pt-BR/email_templates.php
	new file:   resources/lang/pt-BR/errors.php
	new file:   resources/lang/pt-BR/footer.php
	new file:   resources/lang/pt-BR/general.php
	new file:   resources/lang/pt-BR/header.php
	new file:   resources/lang/pt-BR/import.php
	new file:   resources/lang/pt-BR/install.php
	new file:   resources/lang/pt-BR/invoices.php
	new file:   resources/lang/pt-BR/items.php
	new file:   resources/lang/pt-BR/maintenance.php
	new file:   resources/lang/pt-BR/messages.php
	new file:   resources/lang/pt-BR/modules.php
	new file:   resources/lang/pt-BR/notifications.php
	new file:   resources/lang/pt-BR/pagination.php
	new file:   resources/lang/pt-BR/passwords.php
	new file:   resources/lang/pt-BR/portal.php
	new file:   resources/lang/pt-BR/reconciliations.php
	new file:   resources/lang/pt-BR/recurring.php
	new file:   resources/lang/pt-BR/reports.php
	new file:   resources/lang/pt-BR/search_string.php
	new file:   resources/lang/pt-BR/settings.php
	new file:   resources/lang/pt-BR/taxes.php
	new file:   resources/lang/pt-BR/transactions.php
	new file:   resources/lang/pt-BR/transfers.php
	new file:   resources/lang/pt-BR/updates.php
	new file:   resources/lang/pt-BR/validation.php
	new file:   resources/lang/pt-BR/vendors.php
	new file:   resources/lang/pt-BR/widgets.php
	new file:   resources/lang/pt-PT/accounts.php
	new file:   resources/lang/pt-PT/auth.php
	new file:   resources/lang/pt-PT/bills.php
	new file:   resources/lang/pt-PT/bulk_actions.php
	new file:   resources/lang/pt-PT/companies.php
	new file:   resources/lang/pt-PT/countries.php
	new file:   resources/lang/pt-PT/currencies.php
	new file:   resources/lang/pt-PT/customers.php
	new file:   resources/lang/pt-PT/dashboards.php
	new file:   resources/lang/pt-PT/demo.php
	new file:   resources/lang/pt-PT/email_templates.php
	new file:   resources/lang/pt-PT/errors.php
	new file:   resources/lang/pt-PT/footer.php
	new file:   resources/lang/pt-PT/general.php
	new file:   resources/lang/pt-PT/header.php
	new file:   resources/lang/pt-PT/import.php
	new file:   resources/lang/pt-PT/install.php
	new file:   resources/lang/pt-PT/invoices.php
	new file:   resources/lang/pt-PT/items.php
	new file:   resources/lang/pt-PT/maintenance.php
	new file:   resources/lang/pt-PT/messages.php
	new file:   resources/lang/pt-PT/modules.php
	new file:   resources/lang/pt-PT/notifications.php
	new file:   resources/lang/pt-PT/pagination.php
	new file:   resources/lang/pt-PT/passwords.php
	new file:   resources/lang/pt-PT/reconciliations.php
	new file:   resources/lang/pt-PT/recurring.php
	new file:   resources/lang/pt-PT/reports.php
	new file:   resources/lang/pt-PT/settings.php
	new file:   resources/lang/pt-PT/taxes.php
	new file:   resources/lang/pt-PT/transfers.php
	new file:   resources/lang/pt-PT/updates.php
	new file:   resources/lang/pt-PT/validation.php
	new file:   resources/lang/pt-PT/widgets.php
	new file:   resources/lang/ro-RO/accounts.php
	new file:   resources/lang/ro-RO/auth.php
	new file:   resources/lang/ro-RO/bills.php
	new file:   resources/lang/ro-RO/bulk_actions.php
	new file:   resources/lang/ro-RO/categories.php
	new file:   resources/lang/ro-RO/companies.php
	new file:   resources/lang/ro-RO/countries.php
	new file:   resources/lang/ro-RO/currencies.php
	new file:   resources/lang/ro-RO/customers.php
	new file:   resources/lang/ro-RO/dashboard.php
	new file:   resources/lang/ro-RO/dashboards.php
	new file:   resources/lang/ro-RO/demo.php
	new file:   resources/lang/ro-RO/documents.php
	new file:   resources/lang/ro-RO/email_templates.php
	new file:   resources/lang/ro-RO/errors.php
	new file:   resources/lang/ro-RO/footer.php
	new file:   resources/lang/ro-RO/general.php
	new file:   resources/lang/ro-RO/header.php
	new file:   resources/lang/ro-RO/import.php
	new file:   resources/lang/ro-RO/install.php
	new file:   resources/lang/ro-RO/invoices.php
	new file:   resources/lang/ro-RO/items.php
	new file:   resources/lang/ro-RO/maintenance.php
	new file:   resources/lang/ro-RO/messages.php
	new file:   resources/lang/ro-RO/modules.php
	new file:   resources/lang/ro-RO/notifications.php
	new file:   resources/lang/ro-RO/pagination.php
	new file:   resources/lang/ro-RO/passwords.php
	new file:   resources/lang/ro-RO/portal.php
	new file:   resources/lang/ro-RO/reconciliations.php
	new file:   resources/lang/ro-RO/recurring.php
	new file:   resources/lang/ro-RO/reports.php
	new file:   resources/lang/ro-RO/search_string.php
	new file:   resources/lang/ro-RO/settings.php
	new file:   resources/lang/ro-RO/taxes.php
	new file:   resources/lang/ro-RO/transfers.php
	new file:   resources/lang/ro-RO/updates.php
	new file:   resources/lang/ro-RO/validation.php
	new file:   resources/lang/ro-RO/vendors.php
	new file:   resources/lang/ro-RO/widgets.php
	new file:   resources/lang/ru-RU/accounts.php
	new file:   resources/lang/ru-RU/auth.php
	new file:   resources/lang/ru-RU/bills.php
	new file:   resources/lang/ru-RU/bulk_actions.php
	new file:   resources/lang/ru-RU/categories.php
	new file:   resources/lang/ru-RU/companies.php
	new file:   resources/lang/ru-RU/countries.php
	new file:   resources/lang/ru-RU/currencies.php
	new file:   resources/lang/ru-RU/customers.php
	new file:   resources/lang/ru-RU/dashboards.php
	new file:   resources/lang/ru-RU/demo.php
	new file:   resources/lang/ru-RU/documents.php
	new file:   resources/lang/ru-RU/email_templates.php
	new file:   resources/lang/ru-RU/errors.php
	new file:   resources/lang/ru-RU/footer.php
	new file:   resources/lang/ru-RU/general.php
	new file:   resources/lang/ru-RU/header.php
	new file:   resources/lang/ru-RU/import.php
	new file:   resources/lang/ru-RU/install.php
	new file:   resources/lang/ru-RU/invoices.php
	new file:   resources/lang/ru-RU/items.php
	new file:   resources/lang/ru-RU/maintenance.php
	new file:   resources/lang/ru-RU/messages.php
	new file:   resources/lang/ru-RU/modules.php
	new file:   resources/lang/ru-RU/notifications.php
	new file:   resources/lang/ru-RU/pagination.php
	new file:   resources/lang/ru-RU/passwords.php
	new file:   resources/lang/ru-RU/portal.php
	new file:   resources/lang/ru-RU/reconciliations.php
	new file:   resources/lang/ru-RU/recurring.php
	new file:   resources/lang/ru-RU/reports.php
	new file:   resources/lang/ru-RU/search_string.php
	new file:   resources/lang/ru-RU/settings.php
	new file:   resources/lang/ru-RU/taxes.php
	new file:   resources/lang/ru-RU/transactions.php
	new file:   resources/lang/ru-RU/transfers.php
	new file:   resources/lang/ru-RU/updates.php
	new file:   resources/lang/ru-RU/validation.php
	new file:   resources/lang/ru-RU/vendors.php
	new file:   resources/lang/ru-RU/widgets.php
	new file:   resources/lang/si-LK/passwords.php
	new file:   resources/lang/sk-SK/accounts.php
	new file:   resources/lang/sk-SK/auth.php
	new file:   resources/lang/sk-SK/bills.php
	new file:   resources/lang/sk-SK/bulk_actions.php
	new file:   resources/lang/sk-SK/categories.php
	new file:   resources/lang/sk-SK/companies.php
	new file:   resources/lang/sk-SK/countries.php
	new file:   resources/lang/sk-SK/currencies.php
	new file:   resources/lang/sk-SK/customers.php
	new file:   resources/lang/sk-SK/dashboard.php
	new file:   resources/lang/sk-SK/dashboards.php
	new file:   resources/lang/sk-SK/demo.php
	new file:   resources/lang/sk-SK/errors.php
	new file:   resources/lang/sk-SK/footer.php
	new file:   resources/lang/sk-SK/general.php
	new file:   resources/lang/sk-SK/header.php
	new file:   resources/lang/sk-SK/import.php
	new file:   resources/lang/sk-SK/install.php
	new file:   resources/lang/sk-SK/invoices.php
	new file:   resources/lang/sk-SK/items.php
	new file:   resources/lang/sk-SK/messages.php
	new file:   resources/lang/sk-SK/modules.php
	new file:   resources/lang/sk-SK/notifications.php
	new file:   resources/lang/sk-SK/pagination.php
	new file:   resources/lang/sk-SK/passwords.php
	new file:   resources/lang/sk-SK/reconciliations.php
	new file:   resources/lang/sk-SK/recurring.php
	new file:   resources/lang/sk-SK/reports.php
	new file:   resources/lang/sk-SK/search_string.php
	new file:   resources/lang/sk-SK/settings.php
	new file:   resources/lang/sk-SK/taxes.php
	new file:   resources/lang/sk-SK/transfers.php
	new file:   resources/lang/sk-SK/updates.php
	new file:   resources/lang/sk-SK/validation.php
	new file:   resources/lang/sl-SI/accounts.php
	new file:   resources/lang/sl-SI/auth.php
	new file:   resources/lang/sl-SI/bills.php
	new file:   resources/lang/sl-SI/bulk_actions.php
	new file:   resources/lang/sl-SI/categories.php
	new file:   resources/lang/sl-SI/companies.php
	new file:   resources/lang/sl-SI/countries.php
	new file:   resources/lang/sl-SI/currencies.php
	new file:   resources/lang/sl-SI/customers.php
	new file:   resources/lang/sl-SI/dashboards.php
	new file:   resources/lang/sl-SI/demo.php
	new file:   resources/lang/sl-SI/documents.php
	new file:   resources/lang/sl-SI/email_templates.php
	new file:   resources/lang/sl-SI/errors.php
	new file:   resources/lang/sl-SI/footer.php
	new file:   resources/lang/sl-SI/general.php
	new file:   resources/lang/sl-SI/header.php
	new file:   resources/lang/sl-SI/import.php
	new file:   resources/lang/sl-SI/install.php
	new file:   resources/lang/sl-SI/invoices.php
	new file:   resources/lang/sl-SI/items.php
	new file:   resources/lang/sl-SI/maintenance.php
	new file:   resources/lang/sl-SI/messages.php
	new file:   resources/lang/sl-SI/modules.php
	new file:   resources/lang/sl-SI/notifications.php
	new file:   resources/lang/sl-SI/pagination.php
	new file:   resources/lang/sl-SI/passwords.php
	new file:   resources/lang/sl-SI/payments.php
	new file:   resources/lang/sl-SI/portal.php
	new file:   resources/lang/sl-SI/reconciliations.php
	new file:   resources/lang/sl-SI/recurring.php
	new file:   resources/lang/sl-SI/reports.php
	new file:   resources/lang/sl-SI/revenues.php
	new file:   resources/lang/sl-SI/search_string.php
	new file:   resources/lang/sl-SI/settings.php
	new file:   resources/lang/sl-SI/taxes.php
	new file:   resources/lang/sl-SI/transactions.php
	new file:   resources/lang/sl-SI/transfers.php
	new file:   resources/lang/sl-SI/updates.php
	new file:   resources/lang/sl-SI/validation.php
	new file:   resources/lang/sl-SI/vendors.php
	new file:   resources/lang/sl-SI/widgets.php
	new file:   resources/lang/sq-AL/accounts.php
	new file:   resources/lang/sq-AL/auth.php
	new file:   resources/lang/sq-AL/bills.php
	new file:   resources/lang/sq-AL/bulk_actions.php
	new file:   resources/lang/sq-AL/companies.php
	new file:   resources/lang/sq-AL/countries.php
	new file:   resources/lang/sq-AL/currencies.php
	new file:   resources/lang/sq-AL/customers.php
	new file:   resources/lang/sq-AL/dashboards.php
	new file:   resources/lang/sq-AL/demo.php
	new file:   resources/lang/sq-AL/documents.php
	new file:   resources/lang/sq-AL/email_templates.php
	new file:   resources/lang/sq-AL/errors.php
	new file:   resources/lang/sq-AL/footer.php
	new file:   resources/lang/sq-AL/general.php
	new file:   resources/lang/sq-AL/header.php
	new file:   resources/lang/sq-AL/import.php
	new file:   resources/lang/sq-AL/install.php
	new file:   resources/lang/sq-AL/invoices.php
	new file:   resources/lang/sq-AL/items.php
	new file:   resources/lang/sq-AL/maintenance.php
	new file:   resources/lang/sq-AL/messages.php
	new file:   resources/lang/sq-AL/modules.php
	new file:   resources/lang/sq-AL/notifications.php
	new file:   resources/lang/sq-AL/pagination.php
	new file:   resources/lang/sq-AL/passwords.php
	new file:   resources/lang/sq-AL/reconciliations.php
	new file:   resources/lang/sq-AL/recurring.php
	new file:   resources/lang/sq-AL/reports.php
	new file:   resources/lang/sq-AL/search_string.php
	new file:   resources/lang/sq-AL/settings.php
	new file:   resources/lang/sq-AL/taxes.php
	new file:   resources/lang/sq-AL/transfers.php
	new file:   resources/lang/sq-AL/updates.php
	new file:   resources/lang/sq-AL/validation.php
	new file:   resources/lang/sq-AL/widgets.php
	new file:   resources/lang/sr-CS/accounts.php
	new file:   resources/lang/sr-CS/auth.php
	new file:   resources/lang/sr-CS/bills.php
	new file:   resources/lang/sr-CS/bulk_actions.php
	new file:   resources/lang/sr-CS/companies.php
	new file:   resources/lang/sr-CS/countries.php
	new file:   resources/lang/sr-CS/currencies.php
	new file:   resources/lang/sr-CS/customers.php
	new file:   resources/lang/sr-CS/dashboards.php
	new file:   resources/lang/sr-CS/demo.php
	new file:   resources/lang/sr-CS/documents.php
	new file:   resources/lang/sr-CS/errors.php
	new file:   resources/lang/sr-CS/footer.php
	new file:   resources/lang/sr-CS/import.php
	new file:   resources/lang/sr-CS/items.php
	new file:   resources/lang/sr-CS/pagination.php
	new file:   resources/lang/sr-CS/passwords.php
	new file:   resources/lang/sr-CS/search_string.php
	new file:   resources/lang/sr-CS/taxes.php
	new file:   resources/lang/sr-CS/transfers.php
	new file:   resources/lang/sr-CS/updates.php
	new file:   resources/lang/sr-CS/widgets.php
	new file:   resources/lang/sr-RS/accounts.php
	new file:   resources/lang/sr-RS/auth.php
	new file:   resources/lang/sr-RS/bills.php
	new file:   resources/lang/sr-RS/companies.php
	new file:   resources/lang/sr-RS/countries.php
	new file:   resources/lang/sr-RS/currencies.php
	new file:   resources/lang/sr-RS/customers.php
	new file:   resources/lang/sr-RS/dashboard.php
	new file:   resources/lang/sr-RS/demo.php
	new file:   resources/lang/sr-RS/footer.php
	new file:   resources/lang/sr-RS/general.php
	new file:   resources/lang/sr-RS/header.php
	new file:   resources/lang/sr-RS/import.php
	new file:   resources/lang/sr-RS/install.php
	new file:   resources/lang/sr-RS/invoices.php
	new file:   resources/lang/sr-RS/items.php
	new file:   resources/lang/sr-RS/messages.php
	new file:   resources/lang/sr-RS/modules.php
	new file:   resources/lang/sr-RS/notifications.php
	new file:   resources/lang/sr-RS/pagination.php
	new file:   resources/lang/sr-RS/passwords.php
	new file:   resources/lang/sr-RS/reconciliations.php
	new file:   resources/lang/sr-RS/recurring.php
	new file:   resources/lang/sr-RS/reports.php
	new file:   resources/lang/sr-RS/settings.php
	new file:   resources/lang/sr-RS/taxes.php
	new file:   resources/lang/sr-RS/transfers.php
	new file:   resources/lang/sr-RS/updates.php
	new file:   resources/lang/sr-RS/validation.php
	new file:   resources/lang/sr-SP/accounts.php
	new file:   resources/lang/sr-SP/auth.php
	new file:   resources/lang/sr-SP/bills.php
	new file:   resources/lang/sr-SP/countries.php
	new file:   resources/lang/sr-SP/currencies.php
	new file:   resources/lang/sr-SP/footer.php
	new file:   resources/lang/sr-SP/header.php
	new file:   resources/lang/sr-SP/import.php
	new file:   resources/lang/sr-SP/items.php
	new file:   resources/lang/sr-SP/notifications.php
	new file:   resources/lang/sr-SP/recurring.php
	new file:   resources/lang/sr-SP/transfers.php
	new file:   resources/lang/sr-SP/updates.php
	new file:   resources/lang/sv-SE/accounts.php
	new file:   resources/lang/sv-SE/auth.php
	new file:   resources/lang/sv-SE/bills.php
	new file:   resources/lang/sv-SE/bulk_actions.php
	new file:   resources/lang/sv-SE/categories.php
	new file:   resources/lang/sv-SE/companies.php
	new file:   resources/lang/sv-SE/countries.php
	new file:   resources/lang/sv-SE/currencies.php
	new file:   resources/lang/sv-SE/customers.php
	new file:   resources/lang/sv-SE/dashboards.php
	new file:   resources/lang/sv-SE/demo.php
	new file:   resources/lang/sv-SE/documents.php
	new file:   resources/lang/sv-SE/email_templates.php
	new file:   resources/lang/sv-SE/errors.php
	new file:   resources/lang/sv-SE/footer.php
	new file:   resources/lang/sv-SE/general.php
	new file:   resources/lang/sv-SE/header.php
	new file:   resources/lang/sv-SE/import.php
	new file:   resources/lang/sv-SE/install.php
	new file:   resources/lang/sv-SE/invoices.php
	new file:   resources/lang/sv-SE/items.php
	new file:   resources/lang/sv-SE/maintenance.php
	new file:   resources/lang/sv-SE/messages.php
	new file:   resources/lang/sv-SE/modules.php
	new file:   resources/lang/sv-SE/notifications.php
	new file:   resources/lang/sv-SE/pagination.php
	new file:   resources/lang/sv-SE/passwords.php
	new file:   resources/lang/sv-SE/payments.php
	new file:   resources/lang/sv-SE/portal.php
	new file:   resources/lang/sv-SE/reconciliations.php
	new file:   resources/lang/sv-SE/recurring.php
	new file:   resources/lang/sv-SE/reports.php
	new file:   resources/lang/sv-SE/revenues.php
	new file:   resources/lang/sv-SE/search_string.php
	new file:   resources/lang/sv-SE/settings.php
	new file:   resources/lang/sv-SE/taxes.php
	new file:   resources/lang/sv-SE/transactions.php
	new file:   resources/lang/sv-SE/transfers.php
	new file:   resources/lang/sv-SE/updates.php
	new file:   resources/lang/sv-SE/validation.php
	new file:   resources/lang/sv-SE/vendors.php
	new file:   resources/lang/sv-SE/widgets.php
	new file:   resources/lang/sw-KE/passwords.php
	new file:   resources/lang/ta-IN/accounts.php
	new file:   resources/lang/ta-IN/auth.php
	new file:   resources/lang/ta-IN/countries.php
	new file:   resources/lang/th-TH/accounts.php
	new file:   resources/lang/th-TH/auth.php
	new file:   resources/lang/th-TH/bills.php
	new file:   resources/lang/th-TH/companies.php
	new file:   resources/lang/th-TH/countries.php
	new file:   resources/lang/th-TH/currencies.php
	new file:   resources/lang/th-TH/customers.php
	new file:   resources/lang/th-TH/dashboard.php
	new file:   resources/lang/th-TH/dashboards.php
	new file:   resources/lang/th-TH/demo.php
	new file:   resources/lang/th-TH/errors.php
	new file:   resources/lang/th-TH/footer.php
	new file:   resources/lang/th-TH/general.php
	new file:   resources/lang/th-TH/header.php
	new file:   resources/lang/th-TH/import.php
	new file:   resources/lang/th-TH/install.php
	new file:   resources/lang/th-TH/invoices.php
	new file:   resources/lang/th-TH/items.php
	new file:   resources/lang/th-TH/maintenance.php
	new file:   resources/lang/th-TH/messages.php
	new file:   resources/lang/th-TH/modules.php
	new file:   resources/lang/th-TH/notifications.php
	new file:   resources/lang/th-TH/pagination.php
	new file:   resources/lang/th-TH/passwords.php
	new file:   resources/lang/th-TH/reconciliations.php
	new file:   resources/lang/th-TH/recurring.php
	new file:   resources/lang/th-TH/reports.php
	new file:   resources/lang/th-TH/settings.php
	new file:   resources/lang/th-TH/taxes.php
	new file:   resources/lang/th-TH/transfers.php
	new file:   resources/lang/th-TH/updates.php
	new file:   resources/lang/th-TH/validation.php
	new file:   resources/lang/tr-TR/accounts.php
	new file:   resources/lang/tr-TR/auth.php
	new file:   resources/lang/tr-TR/bills.php
	new file:   resources/lang/tr-TR/bulk_actions.php
	new file:   resources/lang/tr-TR/categories.php
	new file:   resources/lang/tr-TR/companies.php
	new file:   resources/lang/tr-TR/countries.php
	new file:   resources/lang/tr-TR/currencies.php
	new file:   resources/lang/tr-TR/customers.php
	new file:   resources/lang/tr-TR/dashboards.php
	new file:   resources/lang/tr-TR/demo.php
	new file:   resources/lang/tr-TR/documents.php
	new file:   resources/lang/tr-TR/email_templates.php
	new file:   resources/lang/tr-TR/errors.php
	new file:   resources/lang/tr-TR/footer.php
	new file:   resources/lang/tr-TR/general.php
	new file:   resources/lang/tr-TR/header.php
	new file:   resources/lang/tr-TR/import.php
	new file:   resources/lang/tr-TR/install.php
	new file:   resources/lang/tr-TR/invoices.php
	new file:   resources/lang/tr-TR/items.php
	new file:   resources/lang/tr-TR/maintenance.php
	new file:   resources/lang/tr-TR/messages.php
	new file:   resources/lang/tr-TR/modules.php
	new file:   resources/lang/tr-TR/notifications.php
	new file:   resources/lang/tr-TR/pagination.php
	new file:   resources/lang/tr-TR/passwords.php
	new file:   resources/lang/tr-TR/portal.php
	new file:   resources/lang/tr-TR/reconciliations.php
	new file:   resources/lang/tr-TR/recurring.php
	new file:   resources/lang/tr-TR/reports.php
	new file:   resources/lang/tr-TR/search_string.php
	new file:   resources/lang/tr-TR/settings.php
	new file:   resources/lang/tr-TR/taxes.php
	new file:   resources/lang/tr-TR/transactions.php
	new file:   resources/lang/tr-TR/transfers.php
	new file:   resources/lang/tr-TR/updates.php
	new file:   resources/lang/tr-TR/validation.php
	new file:   resources/lang/tr-TR/vendors.php
	new file:   resources/lang/tr-TR/widgets.php
	new file:   resources/lang/uk-UA/accounts.php
	new file:   resources/lang/uk-UA/auth.php
	new file:   resources/lang/uk-UA/bills.php
	new file:   resources/lang/uk-UA/bulk_actions.php
	new file:   resources/lang/uk-UA/companies.php
	new file:   resources/lang/uk-UA/countries.php
	new file:   resources/lang/uk-UA/currencies.php
	new file:   resources/lang/uk-UA/customers.php
	new file:   resources/lang/uk-UA/dashboards.php
	new file:   resources/lang/uk-UA/demo.php
	new file:   resources/lang/uk-UA/email_templates.php
	new file:   resources/lang/uk-UA/errors.php
	new file:   resources/lang/uk-UA/footer.php
	new file:   resources/lang/uk-UA/general.php
	new file:   resources/lang/uk-UA/header.php
	new file:   resources/lang/uk-UA/import.php
	new file:   resources/lang/uk-UA/install.php
	new file:   resources/lang/uk-UA/invoices.php
	new file:   resources/lang/uk-UA/items.php
	new file:   resources/lang/uk-UA/maintenance.php
	new file:   resources/lang/uk-UA/messages.php
	new file:   resources/lang/uk-UA/modules.php
	new file:   resources/lang/uk-UA/notifications.php
	new file:   resources/lang/uk-UA/pagination.php
	new file:   resources/lang/uk-UA/passwords.php
	new file:   resources/lang/uk-UA/reconciliations.php
	new file:   resources/lang/uk-UA/recurring.php
	new file:   resources/lang/uk-UA/reports.php
	new file:   resources/lang/uk-UA/settings.php
	new file:   resources/lang/uk-UA/taxes.php
	new file:   resources/lang/uk-UA/transfers.php
	new file:   resources/lang/uk-UA/updates.php
	new file:   resources/lang/uk-UA/validation.php
	new file:   resources/lang/uk-UA/widgets.php
	new file:   resources/lang/ur-PK/accounts.php
	new file:   resources/lang/ur-PK/auth.php
	new file:   resources/lang/ur-PK/bills.php
	new file:   resources/lang/ur-PK/companies.php
	new file:   resources/lang/ur-PK/countries.php
	new file:   resources/lang/ur-PK/currencies.php
	new file:   resources/lang/ur-PK/customers.php
	new file:   resources/lang/ur-PK/dashboard.php
	new file:   resources/lang/ur-PK/demo.php
	new file:   resources/lang/ur-PK/errors.php
	new file:   resources/lang/ur-PK/footer.php
	new file:   resources/lang/ur-PK/general.php
	new file:   resources/lang/ur-PK/header.php
	new file:   resources/lang/ur-PK/import.php
	new file:   resources/lang/ur-PK/install.php
	new file:   resources/lang/ur-PK/invoices.php
	new file:   resources/lang/ur-PK/items.php
	new file:   resources/lang/ur-PK/messages.php
	new file:   resources/lang/ur-PK/modules.php
	new file:   resources/lang/ur-PK/notifications.php
	new file:   resources/lang/ur-PK/pagination.php
	new file:   resources/lang/ur-PK/passwords.php
	new file:   resources/lang/ur-PK/reconciliations.php
	new file:   resources/lang/ur-PK/recurring.php
	new file:   resources/lang/ur-PK/reports.php
	new file:   resources/lang/ur-PK/settings.php
	new file:   resources/lang/ur-PK/taxes.php
	new file:   resources/lang/ur-PK/transfers.php
	new file:   resources/lang/ur-PK/updates.php
	new file:   resources/lang/ur-PK/validation.php
	new file:   resources/lang/uz-UZ/accounts.php
	new file:   resources/lang/uz-UZ/auth.php
	new file:   resources/lang/uz-UZ/bills.php
	new file:   resources/lang/uz-UZ/bulk_actions.php
	new file:   resources/lang/uz-UZ/companies.php
	new file:   resources/lang/uz-UZ/countries.php
	new file:   resources/lang/uz-UZ/currencies.php
	new file:   resources/lang/uz-UZ/customers.php
	new file:   resources/lang/uz-UZ/dashboard.php
	new file:   resources/lang/uz-UZ/dashboards.php
	new file:   resources/lang/uz-UZ/demo.php
	new file:   resources/lang/uz-UZ/email_templates.php
	new file:   resources/lang/uz-UZ/errors.php
	new file:   resources/lang/uz-UZ/footer.php
	new file:   resources/lang/uz-UZ/general.php
	new file:   resources/lang/uz-UZ/header.php
	new file:   resources/lang/uz-UZ/import.php
	new file:   resources/lang/uz-UZ/install.php
	new file:   resources/lang/uz-UZ/invoices.php
	new file:   resources/lang/uz-UZ/items.php
	new file:   resources/lang/uz-UZ/maintenance.php
	new file:   resources/lang/uz-UZ/messages.php
	new file:   resources/lang/uz-UZ/modules.php
	new file:   resources/lang/uz-UZ/notifications.php
	new file:   resources/lang/uz-UZ/pagination.php
	new file:   resources/lang/uz-UZ/passwords.php
	new file:   resources/lang/uz-UZ/reconciliations.php
	new file:   resources/lang/uz-UZ/recurring.php
	new file:   resources/lang/uz-UZ/reports.php
	new file:   resources/lang/uz-UZ/settings.php
	new file:   resources/lang/uz-UZ/taxes.php
	new file:   resources/lang/uz-UZ/transfers.php
	new file:   resources/lang/uz-UZ/updates.php
	new file:   resources/lang/uz-UZ/validation.php
	new file:   resources/lang/uz-UZ/widgets.php
	new file:   resources/lang/vendor/firewall/en-GB/notifications.php
	new file:   resources/lang/vendor/firewall/en-GB/responses.php
	new file:   resources/lang/vi-VN/accounts.php
	new file:   resources/lang/vi-VN/auth.php
	new file:   resources/lang/vi-VN/bills.php
	new file:   resources/lang/vi-VN/companies.php
	new file:   resources/lang/vi-VN/countries.php
	new file:   resources/lang/vi-VN/currencies.php
	new file:   resources/lang/vi-VN/customers.php
	new file:   resources/lang/vi-VN/dashboard.php
	new file:   resources/lang/vi-VN/demo.php
	new file:   resources/lang/vi-VN/footer.php
	new file:   resources/lang/vi-VN/general.php
	new file:   resources/lang/vi-VN/header.php
	new file:   resources/lang/vi-VN/import.php
	new file:   resources/lang/vi-VN/install.php
	new file:   resources/lang/vi-VN/invoices.php
	new file:   resources/lang/vi-VN/items.php
	new file:   resources/lang/vi-VN/messages.php
	new file:   resources/lang/vi-VN/modules.php
	new file:   resources/lang/vi-VN/notifications.php
	new file:   resources/lang/vi-VN/pagination.php
	new file:   resources/lang/vi-VN/passwords.php
	new file:   resources/lang/vi-VN/reconciliations.php
	new file:   resources/lang/vi-VN/recurring.php
	new file:   resources/lang/vi-VN/reports.php
	new file:   resources/lang/vi-VN/settings.php
	new file:   resources/lang/vi-VN/taxes.php
	new file:   resources/lang/vi-VN/transfers.php
	new file:   resources/lang/vi-VN/updates.php
	new file:   resources/lang/vi-VN/validation.php
	new file:   resources/lang/zh-CN/accounts.php
	new file:   resources/lang/zh-CN/auth.php
	new file:   resources/lang/zh-CN/bills.php
	new file:   resources/lang/zh-CN/bulk_actions.php
	new file:   resources/lang/zh-CN/categories.php
	new file:   resources/lang/zh-CN/companies.php
	new file:   resources/lang/zh-CN/countries.php
	new file:   resources/lang/zh-CN/currencies.php
	new file:   resources/lang/zh-CN/customers.php
	new file:   resources/lang/zh-CN/dashboards.php
	new file:   resources/lang/zh-CN/demo.php
	new file:   resources/lang/zh-CN/documents.php
	new file:   resources/lang/zh-CN/email_templates.php
	new file:   resources/lang/zh-CN/errors.php
	new file:   resources/lang/zh-CN/footer.php
	new file:   resources/lang/zh-CN/general.php
	new file:   resources/lang/zh-CN/header.php
	new file:   resources/lang/zh-CN/import.php
	new file:   resources/lang/zh-CN/install.php
	new file:   resources/lang/zh-CN/invoices.php
	new file:   resources/lang/zh-CN/items.php
	new file:   resources/lang/zh-CN/maintenance.php
	new file:   resources/lang/zh-CN/messages.php
	new file:   resources/lang/zh-CN/modules.php
	new file:   resources/lang/zh-CN/notifications.php
	new file:   resources/lang/zh-CN/pagination.php
	new file:   resources/lang/zh-CN/passwords.php
	new file:   resources/lang/zh-CN/portal.php
	new file:   resources/lang/zh-CN/reconciliations.php
	new file:   resources/lang/zh-CN/recurring.php
	new file:   resources/lang/zh-CN/reports.php
	new file:   resources/lang/zh-CN/search_string.php
	new file:   resources/lang/zh-CN/settings.php
	new file:   resources/lang/zh-CN/taxes.php
	new file:   resources/lang/zh-CN/transactions.php
	new file:   resources/lang/zh-CN/transfers.php
	new file:   resources/lang/zh-CN/updates.php
	new file:   resources/lang/zh-CN/validation.php
	new file:   resources/lang/zh-CN/vendors.php
	new file:   resources/lang/zh-CN/widgets.php
	new file:   resources/lang/zh-TW/accounts.php
	new file:   resources/lang/zh-TW/auth.php
	new file:   resources/lang/zh-TW/bills.php
	new file:   resources/lang/zh-TW/bulk_actions.php
	new file:   resources/lang/zh-TW/companies.php
	new file:   resources/lang/zh-TW/countries.php
	new file:   resources/lang/zh-TW/currencies.php
	new file:   resources/lang/zh-TW/customers.php
	new file:   resources/lang/zh-TW/dashboards.php
	new file:   resources/lang/zh-TW/demo.php
	new file:   resources/lang/zh-TW/email_templates.php
	new file:   resources/lang/zh-TW/errors.php
	new file:   resources/lang/zh-TW/footer.php
	new file:   resources/lang/zh-TW/general.php
	new file:   resources/lang/zh-TW/header.php
	new file:   resources/lang/zh-TW/import.php
	new file:   resources/lang/zh-TW/install.php
	new file:   resources/lang/zh-TW/invoices.php
	new file:   resources/lang/zh-TW/items.php
	new file:   resources/lang/zh-TW/maintenance.php
	new file:   resources/lang/zh-TW/messages.php
	new file:   resources/lang/zh-TW/modules.php
	new file:   resources/lang/zh-TW/notifications.php
	new file:   resources/lang/zh-TW/pagination.php
	new file:   resources/lang/zh-TW/passwords.php
	new file:   resources/lang/zh-TW/reconciliations.php
	new file:   resources/lang/zh-TW/recurring.php
	new file:   resources/lang/zh-TW/reports.php
	new file:   resources/lang/zh-TW/settings.php
	new file:   resources/lang/zh-TW/taxes.php
	new file:   resources/lang/zh-TW/transfers.php
	new file:   resources/lang/zh-TW/updates.php
	new file:   resources/lang/zh-TW/validation.php
	new file:   resources/lang/zh-TW/widgets.php
	new file:   resources/views/auth/forgot/create.blade.php
	new file:   resources/views/auth/login/create.blade.php
	new file:   resources/views/auth/register/create.blade.php
	new file:   resources/views/auth/reset/create.blade.php
	new file:   resources/views/auth/users/create.blade.php
	new file:   resources/views/auth/users/edit.blade.php
	new file:   resources/views/auth/users/index.blade.php
	new file:   resources/views/auth/users/show.blade.php
	new file:   resources/views/banking/accounts/create.blade.php
	new file:   resources/views/banking/accounts/edit.blade.php
	new file:   resources/views/banking/accounts/index.blade.php
	new file:   resources/views/banking/accounts/show.blade.php
	new file:   resources/views/banking/reconciliations/create.blade.php
	new file:   resources/views/banking/reconciliations/edit.blade.php
	new file:   resources/views/banking/reconciliations/index.blade.php
	new file:   resources/views/banking/recurring_transactions/create.blade.php
	new file:   resources/views/banking/recurring_transactions/edit.blade.php
	new file:   resources/views/banking/recurring_transactions/index.blade.php
	new file:   resources/views/banking/recurring_transactions/show.blade.php
	new file:   resources/views/banking/transactions/create.blade.php
	new file:   resources/views/banking/transactions/edit.blade.php
	new file:   resources/views/banking/transactions/import.blade.php
	new file:   resources/views/banking/transactions/index.blade.php
	new file:   resources/views/banking/transactions/print_default.blade.php
	new file:   resources/views/banking/transactions/show.blade.php
	new file:   resources/views/banking/transfers/create.blade.php
	new file:   resources/views/banking/transfers/edit.blade.php
	new file:   resources/views/banking/transfers/index.blade.php
	new file:   resources/views/banking/transfers/print_default.blade.php
	new file:   resources/views/banking/transfers/print_second.blade.php
	new file:   resources/views/banking/transfers/print_third.blade.php
	new file:   resources/views/banking/transfers/show.blade.php
	new file:   resources/views/bulk-actions/auth/users/edit.blade.php
	new file:   resources/views/bulk-actions/banking/accounts/edit.blade.php
	new file:   resources/views/bulk-actions/banking/transactions/edit.blade.php
	new file:   resources/views/bulk-actions/common/companies/edit.blade.php
	new file:   resources/views/bulk-actions/common/items/edit.blade.php
	new file:   resources/views/bulk-actions/purchases/bills/edit.blade.php
	new file:   resources/views/bulk-actions/purchases/vendors/edit.blade.php
	new file:   resources/views/bulk-actions/sales/customers/edit.blade.php
	new file:   resources/views/bulk-actions/sales/invoices/edit.blade.php
	new file:   resources/views/bulk-actions/settings/categories/edit.blade.php
	new file:   resources/views/bulk-actions/settings/currencies/edit.blade.php
	new file:   resources/views/bulk-actions/settings/taxes/edit.blade.php
	new file:   resources/views/common/companies/create.blade.php
	new file:   resources/views/common/companies/edit.blade.php
	new file:   resources/views/common/companies/index.blade.php
	new file:   resources/views/common/dashboards/create.blade.php
	new file:   resources/views/common/dashboards/edit.blade.php
	new file:   resources/views/common/dashboards/index.blade.php
	new file:   resources/views/common/dashboards/show.blade.php
	new file:   resources/views/common/import/create.blade.php
	new file:   resources/views/common/items/create.blade.php
	new file:   resources/views/common/items/edit.blade.php
	new file:   resources/views/common/items/index.blade.php
	new file:   resources/views/common/reports/create.blade.php
	new file:   resources/views/common/reports/edit.blade.php
	new file:   resources/views/common/reports/index.blade.php
	new file:   resources/views/components/alert/border.blade.php
	new file:   resources/views/components/alert/call.blade.php
	new file:   resources/views/components/alert/danger.blade.php
	new file:   resources/views/components/alert/index.blade.php
	new file:   resources/views/components/alert/info.blade.php
	new file:   resources/views/components/alert/success.blade.php
	new file:   resources/views/components/alert/warning.blade.php
	new file:   resources/views/components/button/hover.blade.php
	new file:   resources/views/components/button/index.blade.php
	new file:   resources/views/components/button/loading.blade.php
	new file:   resources/views/components/contacts/form/address.blade.php
	new file:   resources/views/components/contacts/form/billing.blade.php
	new file:   resources/views/components/contacts/form/buttons.blade.php
	new file:   resources/views/components/contacts/form/content.blade.php
	new file:   resources/views/components/contacts/form/general.blade.php
	new file:   resources/views/components/contacts/form/persons.blade.php
	new file:   resources/views/components/contacts/index/buttons.blade.php
	new file:   resources/views/components/contacts/index/content.blade.php
	new file:   resources/views/components/contacts/index/more-buttons.blade.php
	new file:   resources/views/components/contacts/script.blade.php
	new file:   resources/views/components/contacts/show/buttons.blade.php
	new file:   resources/views/components/contacts/show/content.blade.php
	new file:   resources/views/components/contacts/show/more-buttons.blade.php
	new file:   resources/views/components/date.blade.php
	new file:   resources/views/components/delete-button.blade.php
	new file:   resources/views/components/delete-link.blade.php
	new file:   resources/views/components/documents/form/advanced.blade.php
	new file:   resources/views/components/documents/form/buttons.blade.php
	new file:   resources/views/components/documents/form/company.blade.php
	new file:   resources/views/components/documents/form/contact.blade.php
	new file:   resources/views/components/documents/form/content.blade.php
	new file:   resources/views/components/documents/form/item-button.blade.php
	new file:   resources/views/components/documents/form/item-columns.blade.php
	new file:   resources/views/components/documents/form/items.blade.php
	new file:   resources/views/components/documents/form/line-item.blade.php
	new file:   resources/views/components/documents/form/main.blade.php
	new file:   resources/views/components/documents/form/metadata.blade.php
	new file:   resources/views/components/documents/form/note.blade.php
	new file:   resources/views/components/documents/form/recurring.blade.php
	new file:   resources/views/components/documents/form/recurring_metadata.blade.php
	new file:   resources/views/components/documents/form/totals.blade.php
	new file:   resources/views/components/documents/index/bulk-action.blade.php
	new file:   resources/views/components/documents/index/buttons.blade.php
	new file:   resources/views/components/documents/index/content.blade.php
	new file:   resources/views/components/documents/index/document.blade.php
	new file:   resources/views/components/documents/index/information.blade.php
	new file:   resources/views/components/documents/index/more-buttons.blade.php
	new file:   resources/views/components/documents/index/recurring_templates.blade.php
	new file:   resources/views/components/documents/script.blade.php
	new file:   resources/views/components/documents/show/attachment.blade.php
	new file:   resources/views/components/documents/show/buttons.blade.php
	new file:   resources/views/components/documents/show/children.blade.php
	new file:   resources/views/components/documents/show/content.blade.php
	new file:   resources/views/components/documents/show/create.blade.php
	new file:   resources/views/components/documents/show/get-paid.blade.php
	new file:   resources/views/components/documents/show/make-payment.blade.php
	new file:   resources/views/components/documents/show/message.blade.php
	new file:   resources/views/components/documents/show/more-buttons.blade.php
	new file:   resources/views/components/documents/show/receive.blade.php
	new file:   resources/views/components/documents/show/restore.blade.php
	new file:   resources/views/components/documents/show/schedule.blade.php
	new file:   resources/views/components/documents/show/send.blade.php
	new file:   resources/views/components/documents/show/template.blade.php
	new file:   resources/views/components/documents/template/classic.blade.php
	new file:   resources/views/components/documents/template/default.blade.php
	new file:   resources/views/components/documents/template/line-item.blade.php
	new file:   resources/views/components/documents/template/modern.blade.php
	new file:   resources/views/components/dropdown/button.blade.php
	new file:   resources/views/components/dropdown/divider.blade.php
	new file:   resources/views/components/dropdown/index.blade.php
	new file:   resources/views/components/dropdown/link.blade.php
	new file:   resources/views/components/email/body.blade.php
	new file:   resources/views/components/email/footer.blade.php
	new file:   resources/views/components/empty-data.blade.php
	new file:   resources/views/components/empty-page.blade.php
	new file:   resources/views/components/form/accordion/head.blade.php
	new file:   resources/views/components/form/accordion/index.blade.php
	new file:   resources/views/components/form/buttons.blade.php
	new file:   resources/views/components/form/container.blade.php
	new file:   resources/views/components/form/error.blade.php
	new file:   resources/views/components/form/group/account.blade.php
	new file:   resources/views/components/form/group/attachment.blade.php
	new file:   resources/views/components/form/group/category.blade.php
	new file:   resources/views/components/form/group/checkbox.blade.php
	new file:   resources/views/components/form/group/color.blade.php
	new file:   resources/views/components/form/group/contact.blade.php
	new file:   resources/views/components/form/group/country.blade.php
	new file:   resources/views/components/form/group/currency.blade.php
	new file:   resources/views/components/form/group/customer.blade.php
	new file:   resources/views/components/form/group/date.blade.php
	new file:   resources/views/components/form/group/date_time.blade.php
	new file:   resources/views/components/form/group/editor.blade.php
	new file:   resources/views/components/form/group/email.blade.php
	new file:   resources/views/components/form/group/file.blade.php
	new file:   resources/views/components/form/group/import.blade.php
	new file:   resources/views/components/form/group/invoice_text.blade.php
	new file:   resources/views/components/form/group/locale.blade.php
	new file:   resources/views/components/form/group/money.blade.php
	new file:   resources/views/components/form/group/number.blade.php
	new file:   resources/views/components/form/group/number_digit.blade.php
	new file:   resources/views/components/form/group/password.blade.php
	new file:   resources/views/components/form/group/payment_method.blade.php
	new file:   resources/views/components/form/group/payment_term.blade.php
	new file:   resources/views/components/form/group/radio.blade.php
	new file:   resources/views/components/form/group/recurring.blade.php
	new file:   resources/views/components/form/group/select.blade.php
	new file:   resources/views/components/form/group/switch.blade.php
	new file:   resources/views/components/form/group/tax.blade.php
	new file:   resources/views/components/form/group/text.blade.php
	new file:   resources/views/components/form/group/textarea.blade.php
	new file:   resources/views/components/form/group/time.blade.php
	new file:   resources/views/components/form/group/toggle.blade.php
	new file:   resources/views/components/form/group/vendor.blade.php
	new file:   resources/views/components/form/icon.blade.php
	new file:   resources/views/components/form/index.blade.php
	new file:   resources/views/components/form/input/checkbox.blade.php
	new file:   resources/views/components/form/input/color.blade.php
	new file:   resources/views/components/form/input/editor.blade.php
	new file:   resources/views/components/form/input/email.blade.php
	new file:   resources/views/components/form/input/file.blade.php
	new file:   resources/views/components/form/input/hidden.blade.php
	new file:   resources/views/components/form/input/import.blade.php
	new file:   resources/views/components/form/input/input.blade.php
	new file:   resources/views/components/form/input/money.blade.php
	new file:   resources/views/components/form/input/number.blade.php
	new file:   resources/views/components/form/input/password.blade.php
	new file:   resources/views/components/form/input/radio.blade.php
	new file:   resources/views/components/form/input/select.blade.php
	new file:   resources/views/components/form/input/text.blade.php
	new file:   resources/views/components/form/input/textarea.blade.php
	new file:   resources/views/components/form/label.blade.php
	new file:   resources/views/components/form/section/head.blade.php
	new file:   resources/views/components/form/section/index.blade.php
	new file:   resources/views/components/icon.blade.php
	new file:   resources/views/components/index/balance.blade.php
	new file:   resources/views/components/index/bulkaction/all.blade.php
	new file:   resources/views/components/index/bulkaction/index.blade.php
	new file:   resources/views/components/index/bulkaction/modal.blade.php
	new file:   resources/views/components/index/bulkaction/single.blade.php
	new file:   resources/views/components/index/category.blade.php
	new file:   resources/views/components/index/container.blade.php
	new file:   resources/views/components/index/country.blade.php
	new file:   resources/views/components/index/currency.blade.php
	new file:   resources/views/components/index/default.blade.php
	new file:   resources/views/components/index/disable.blade.php
	new file:   resources/views/components/index/search.blade.php
	new file:   resources/views/components/index/status.blade.php
	new file:   resources/views/components/index/summary.blade.php
	new file:   resources/views/components/layouts/admin.blade.php
	new file:   resources/views/components/layouts/admin/content.blade.php
	new file:   resources/views/components/layouts/admin/footer.blade.php
	new file:   resources/views/components/layouts/admin/head.blade.php
	new file:   resources/views/components/layouts/admin/header.blade.php
	new file:   resources/views/components/layouts/admin/menu.blade.php
	new file:   resources/views/components/layouts/admin/notifications.blade.php
	new file:   resources/views/components/layouts/admin/scripts.blade.php
	new file:   resources/views/components/layouts/auth.blade.php
	new file:   resources/views/components/layouts/auth/content.blade.php
	new file:   resources/views/components/layouts/auth/footer.blade.php
	new file:   resources/views/components/layouts/auth/head.blade.php
	new file:   resources/views/components/layouts/auth/scripts.blade.php
	new file:   resources/views/components/layouts/auth/slider.blade.php
	new file:   resources/views/components/layouts/error.blade.php
	new file:   resources/views/components/layouts/error/content.blade.php
	new file:   resources/views/components/layouts/error/head.blade.php
	new file:   resources/views/components/layouts/error/scripts.blade.php
	new file:   resources/views/components/layouts/install.blade.php
	new file:   resources/views/components/layouts/install/content.blade.php
	new file:   resources/views/components/layouts/install/head.blade.php
	new file:   resources/views/components/layouts/install/scripts.blade.php
	new file:   resources/views/components/layouts/maintenance.blade.php
	new file:   resources/views/components/layouts/maintenance/body.blade.php
	new file:   resources/views/components/layouts/maintenance/head.blade.php
	new file:   resources/views/components/layouts/modules.blade.php
	new file:   resources/views/components/layouts/modules/bar.blade.php
	new file:   resources/views/components/layouts/modules/head.blade.php
	new file:   resources/views/components/layouts/modules/item.blade.php
	new file:   resources/views/components/layouts/modules/my_apps_item.blade.php
	new file:   resources/views/components/layouts/modules/releases.blade.php
	new file:   resources/views/components/layouts/modules/reviews.blade.php
	new file:   resources/views/components/layouts/modules/show/buttons.blade.php
	new file:   resources/views/components/layouts/modules/show/changelog.blade.php
	new file:   resources/views/components/layouts/modules/show/description.blade.php
	new file:   resources/views/components/layouts/modules/show/documentation.blade.php
	new file:   resources/views/components/layouts/modules/show/features.blade.php
	new file:   resources/views/components/layouts/modules/show/information.blade.php
	new file:   resources/views/components/layouts/modules/show/installation.blade.php
	new file:   resources/views/components/layouts/modules/show/price.blade.php
	new file:   resources/views/components/layouts/modules/show/releases.blade.php
	new file:   resources/views/components/layouts/modules/show/reviews.blade.php
	new file:   resources/views/components/layouts/modules/show/screenshots.blade.php
	new file:   resources/views/components/layouts/modules/show/toggle.blade.php
	new file:   resources/views/components/layouts/portal.blade.php
	new file:   resources/views/components/layouts/portal/content.blade.php
	new file:   resources/views/components/layouts/portal/finish/buttons.blade.php
	new file:   resources/views/components/layouts/portal/finish/content.blade.php
	new file:   resources/views/components/layouts/portal/footer.blade.php
	new file:   resources/views/components/layouts/portal/head.blade.php
	new file:   resources/views/components/layouts/portal/header.blade.php
	new file:   resources/views/components/layouts/portal/menu.blade.php
	new file:   resources/views/components/layouts/portal/scripts.blade.php
	new file:   resources/views/components/layouts/preview.blade.php
	new file:   resources/views/components/layouts/preview/content.blade.php
	new file:   resources/views/components/layouts/preview/footer.blade.php
	new file:   resources/views/components/layouts/preview/head.blade.php
	new file:   resources/views/components/layouts/preview/header.blade.php
	new file:   resources/views/components/layouts/preview/scripts.blade.php
	new file:   resources/views/components/layouts/print.blade.php
	new file:   resources/views/components/layouts/print/content.blade.php
	new file:   resources/views/components/layouts/print/head.blade.php
	new file:   resources/views/components/layouts/print/scripts.blade.php
	new file:   resources/views/components/layouts/pwa/head.blade.php
	new file:   resources/views/components/layouts/signed.blade.php
	new file:   resources/views/components/layouts/signed/content.blade.php
	new file:   resources/views/components/layouts/signed/footer.blade.php
	new file:   resources/views/components/layouts/signed/head.blade.php
	new file:   resources/views/components/layouts/signed/header.blade.php
	new file:   resources/views/components/layouts/signed/scripts.blade.php
	new file:   resources/views/components/layouts/wizard.blade.php
	new file:   resources/views/components/layouts/wizard/background.blade.php
	new file:   resources/views/components/layouts/wizard/content.blade.php
	new file:   resources/views/components/layouts/wizard/head.blade.php
	new file:   resources/views/components/layouts/wizard/scripts.blade.php
	new file:   resources/views/components/link/hover.blade.php
	new file:   resources/views/components/link/index.blade.php
	new file:   resources/views/components/link/loading.blade.php
	new file:   resources/views/components/loading/absolute.blade.php
	new file:   resources/views/components/loading/content.blade.php
	new file:   resources/views/components/loading/menu.blade.php
	new file:   resources/views/components/media/file.blade.php
	new file:   resources/views/components/menu/favorite.blade.php
	new file:   resources/views/components/modules/banners.blade.php
	new file:   resources/views/components/modules/free.blade.php
	new file:   resources/views/components/modules/installed.blade.php
	new file:   resources/views/components/modules/item.blade.php
	new file:   resources/views/components/modules/items.blade.php
	new file:   resources/views/components/modules/nnew.blade.php
	new file:   resources/views/components/modules/no_apps.blade.php
	new file:   resources/views/components/modules/paid.blade.php
	new file:   resources/views/components/modules/pre_sale.blade.php
	new file:   resources/views/components/modules/purchased.blade.php
	new file:   resources/views/components/modules/raw_items.blade.php
	new file:   resources/views/components/nl2br.blade.php
	new file:   resources/views/components/pagination.blade.php
	new file:   resources/views/components/payment_method.blade.php
	new file:   resources/views/components/payment_method/hosted.blade.php
	new file:   resources/views/components/payment_method/redirect.blade.php
	new file:   resources/views/components/read-only.blade.php
	new file:   resources/views/components/reports/detail.blade.php
	new file:   resources/views/components/reports/detail/content/footer.blade.php
	new file:   resources/views/components/reports/detail/content/header.blade.php
	new file:   resources/views/components/reports/detail/table.blade.php
	new file:   resources/views/components/reports/detail/table/body.blade.php
	new file:   resources/views/components/reports/detail/table/footer.blade.php
	new file:   resources/views/components/reports/detail/table/header.blade.php
	new file:   resources/views/components/reports/detail/table/row.blade.php
	new file:   resources/views/components/reports/fields.blade.php
	new file:   resources/views/components/reports/filter.blade.php
	new file:   resources/views/components/reports/print.blade.php
	new file:   resources/views/components/reports/show.blade.php
	new file:   resources/views/components/reports/summary.blade.php
	new file:   resources/views/components/reports/summary/chart.blade.php
	new file:   resources/views/components/reports/summary/content/footer.blade.php
	new file:   resources/views/components/reports/summary/content/header.blade.php
	new file:   resources/views/components/reports/summary/table.blade.php
	new file:   resources/views/components/reports/summary/table/body.blade.php
	new file:   resources/views/components/reports/summary/table/footer.blade.php
	new file:   resources/views/components/reports/summary/table/header.blade.php
	new file:   resources/views/components/reports/summary/table/row.blade.php
	new file:   resources/views/components/script.blade.php
	new file:   resources/views/components/script/declaration.blade.php
	new file:   resources/views/components/script/exceptions/trackers.blade.php
	new file:   resources/views/components/search-string.blade.php
	new file:   resources/views/components/show/accordion/head.blade.php
	new file:   resources/views/components/show/accordion/index.blade.php
	new file:   resources/views/components/show/container.blade.php
	new file:   resources/views/components/show/content/index.blade.php
	new file:   resources/views/components/show/content/left.blade.php
	new file:   resources/views/components/show/content/right.blade.php
	new file:   resources/views/components/show/no-records.blade.php
	new file:   resources/views/components/show/status.blade.php
	new file:   resources/views/components/show/summary/index.blade.php
	new file:   resources/views/components/show/summary/left.blade.php
	new file:   resources/views/components/show/summary/right.blade.php
	new file:   resources/views/components/suggestions.blade.php
	new file:   resources/views/components/table/actions-mobile.blade.php
	new file:   resources/views/components/table/actions.blade.php
	new file:   resources/views/components/table/index.blade.php
	new file:   resources/views/components/table/tbody.blade.php
	new file:   resources/views/components/table/td.blade.php
	new file:   resources/views/components/table/th.blade.php
	new file:   resources/views/components/table/thead.blade.php
	new file:   resources/views/components/table/tr.blade.php
	new file:   resources/views/components/tabs/index.blade.php
	new file:   resources/views/components/tabs/nav-link.blade.php
	new file:   resources/views/components/tabs/nav-pin.blade.php
	new file:   resources/views/components/tabs/nav.blade.php
	new file:   resources/views/components/tabs/tab.blade.php
	new file:   resources/views/components/tips/fixed.blade.php
	new file:   resources/views/components/tips/relative.blade.php
	new file:   resources/views/components/title.blade.php
	new file:   resources/views/components/tooltip.blade.php
	new file:   resources/views/components/transactions/index/bulk-action.blade.php
	new file:   resources/views/components/transactions/index/buttons.blade.php
	new file:   resources/views/components/transactions/index/content.blade.php
	new file:   resources/views/components/transactions/index/more-buttons.blade.php
	new file:   resources/views/components/transactions/index/recurring_templates.blade.php
	new file:   resources/views/components/transactions/index/transaction.blade.php
	new file:   resources/views/components/transactions/script.blade.php
	new file:   resources/views/components/transactions/show/attachment.blade.php
	new file:   resources/views/components/transactions/show/buttons.blade.php
	new file:   resources/views/components/transactions/show/children.blade.php
	new file:   resources/views/components/transactions/show/connect.blade.php
	new file:   resources/views/components/transactions/show/content.blade.php
	new file:   resources/views/components/transactions/show/create.blade.php
	new file:   resources/views/components/transactions/show/more-buttons.blade.php
	new file:   resources/views/components/transactions/show/schedule.blade.php
	new file:   resources/views/components/transactions/show/template.blade.php
	new file:   resources/views/components/transactions/show/transfer.blade.php
	new file:   resources/views/components/transactions/template/default.blade.php
	new file:   resources/views/components/transfers/script.blade.php
	new file:   resources/views/components/transfers/show/attachment.blade.php
	new file:   resources/views/components/transfers/show/buttons.blade.php
	new file:   resources/views/components/transfers/show/content.blade.php
	new file:   resources/views/components/transfers/show/create.blade.php
	new file:   resources/views/components/transfers/show/more-buttons.blade.php
	new file:   resources/views/components/transfers/show/template.blade.php
	new file:   resources/views/components/transfers/show/transactions.blade.php
	new file:   resources/views/components/transfers/template/default.blade.php
	new file:   resources/views/components/transfers/template/second.blade.php
	new file:   resources/views/components/transfers/template/third.blade.php
	new file:   resources/views/components/update-alert.blade.php
	new file:   resources/views/components/widgets/contact.blade.php
	new file:   resources/views/components/widgets/header.blade.php
	new file:   resources/views/components/widgets/invoice_history.blade.php
	new file:   resources/views/components/widgets/last_payment.blade.php
	new file:   resources/views/components/widgets/latest_invoices.blade.php
	new file:   resources/views/components/widgets/outstanding_balance.blade.php
	new file:   resources/views/components/widgets/payment_history.blade.php
	new file:   resources/views/errors/403.blade.php
	new file:   resources/views/errors/404.blade.php
	new file:   resources/views/errors/500.blade.php
	new file:   resources/views/install/database/create.blade.php
	new file:   resources/views/install/language/create.blade.php
	new file:   resources/views/install/requirements/show.blade.php
	new file:   resources/views/install/settings/create.blade.php
	new file:   resources/views/install/updates/edit.blade.php
	new file:   resources/views/install/updates/index.blade.php
	new file:   resources/views/livewire/common/search.blade.php
	new file:   resources/views/livewire/menu/favorite.blade.php
	new file:   resources/views/livewire/menu/favorites.blade.php
	new file:   resources/views/livewire/menu/neww.blade.php
	new file:   resources/views/livewire/menu/notifications.blade.php
	new file:   resources/views/livewire/menu/profile.blade.php
	new file:   resources/views/livewire/menu/settings.blade.php
	new file:   resources/views/livewire/notification/browser/firefox.blade.php
	new file:   resources/views/livewire/notification/browser/index.blade.php
	new file:   resources/views/livewire/report/pin.blade.php
	new file:   resources/views/livewire/report/pins.blade.php
	new file:   resources/views/livewire/tab/pin.blade.php
	new file:   resources/views/modals/accounts/create.blade.php
	new file:   resources/views/modals/categories/create.blade.php
	new file:   resources/views/modals/companies/edit.blade.php
	new file:   resources/views/modals/currencies/create.blade.php
	new file:   resources/views/modals/customers/create.blade.php
	new file:   resources/views/modals/customers/edit.blade.php
	new file:   resources/views/modals/documents/item_columns.blade.php
	new file:   resources/views/modals/documents/payment.blade.php
	new file:   resources/views/modals/invoices/email.blade.php
	new file:   resources/views/modals/invoices/share.blade.php
	new file:   resources/views/modals/items/create.blade.php
	new file:   resources/views/modals/settings/transfer_template.blade.php
	new file:   resources/views/modals/taxes/create.blade.php
	new file:   resources/views/modals/transactions/connect.blade.php
	new file:   resources/views/modals/transactions/email.blade.php
	new file:   resources/views/modals/transactions/share.blade.php
	new file:   resources/views/modals/vendors/create.blade.php
	new file:   resources/views/modals/vendors/edit.blade.php
	new file:   resources/views/modules/api_key/create.blade.php
	new file:   resources/views/modules/home/index.blade.php
	new file:   resources/views/modules/item/documentation.blade.php
	new file:   resources/views/modules/item/pre_sale.blade.php
	new file:   resources/views/modules/item/show.blade.php
	new file:   resources/views/modules/my/index.blade.php
	new file:   resources/views/modules/tiles/index.blade.php
	new file:   resources/views/portal/dashboard/index.blade.php
	new file:   resources/views/portal/invoices/finish.blade.php
	new file:   resources/views/portal/invoices/index.blade.php
	new file:   resources/views/portal/invoices/preview.blade.php
	new file:   resources/views/portal/invoices/show.blade.php
	new file:   resources/views/portal/invoices/signed.blade.php
	new file:   resources/views/portal/payments/index.blade.php
	new file:   resources/views/portal/payments/preview.blade.php
	new file:   resources/views/portal/payments/show.blade.php
	new file:   resources/views/portal/payments/signed.blade.php
	new file:   resources/views/portal/profile/edit.blade.php
	new file:   resources/views/purchases/bills/create.blade.php
	new file:   resources/views/purchases/bills/edit.blade.php
	new file:   resources/views/purchases/bills/index.blade.php
	new file:   resources/views/purchases/bills/print.blade.php
	new file:   resources/views/purchases/bills/show.blade.php
	new file:   resources/views/purchases/recurring_bills/create.blade.php
	new file:   resources/views/purchases/recurring_bills/edit.blade.php
	new file:   resources/views/purchases/recurring_bills/index.blade.php
	new file:   resources/views/purchases/recurring_bills/show.blade.php
	new file:   resources/views/purchases/vendors/create.blade.php
	new file:   resources/views/purchases/vendors/edit.blade.php
	new file:   resources/views/purchases/vendors/index.blade.php
	new file:   resources/views/purchases/vendors/show.blade.php
	new file:   resources/views/reports/profit_loss/content/footer.blade.php
	new file:   resources/views/reports/profit_loss/content/header.blade.php
	new file:   resources/views/reports/profit_loss/detail.blade.php
	new file:   resources/views/reports/profit_loss/table/footer.blade.php
	new file:   resources/views/reports/profit_loss/table/header.blade.php
	new file:   resources/views/reports/profit_loss/table/row.blade.php
	new file:   resources/views/reports/tax_summary/content/footer.blade.php
	new file:   resources/views/reports/tax_summary/content/header.blade.php
	new file:   resources/views/reports/tax_summary/table/footer.blade.php
	new file:   resources/views/reports/tax_summary/table/header.blade.php
	new file:   resources/views/sales/customers/create.blade.php
	new file:   resources/views/sales/customers/edit.blade.php
	new file:   resources/views/sales/customers/index.blade.php
	new file:   resources/views/sales/customers/show.blade.php
	new file:   resources/views/sales/invoices/create.blade.php
	new file:   resources/views/sales/invoices/edit.blade.php
	new file:   resources/views/sales/invoices/index.blade.php
	new file:   resources/views/sales/invoices/print_classic.blade.php
	new file:   resources/views/sales/invoices/print_default.blade.php
	new file:   resources/views/sales/invoices/print_modern.blade.php
	new file:   resources/views/sales/invoices/show.blade.php
	new file:   resources/views/sales/recurring_invoices/create.blade.php
	new file:   resources/views/sales/recurring_invoices/edit.blade.php
	new file:   resources/views/sales/recurring_invoices/index.blade.php
	new file:   resources/views/sales/recurring_invoices/show.blade.php
	new file:   resources/views/settings/categories/create.blade.php
	new file:   resources/views/settings/categories/edit.blade.php
	new file:   resources/views/settings/categories/index.blade.php
	new file:   resources/views/settings/categories/sub_category.blade.php
	new file:   resources/views/settings/company/edit.blade.php
	new file:   resources/views/settings/currencies/create.blade.php
	new file:   resources/views/settings/currencies/edit.blade.php
	new file:   resources/views/settings/currencies/index.blade.php
	new file:   resources/views/settings/default/edit.blade.php
	new file:   resources/views/settings/email-templates/edit.blade.php
	new file:   resources/views/settings/email/edit.blade.php
	new file:   resources/views/settings/invoice/edit.blade.php
	new file:   resources/views/settings/localisation/edit.blade.php
	new file:   resources/views/settings/modules/edit.blade.php
	new file:   resources/views/settings/schedule/edit.blade.php
	new file:   resources/views/settings/taxes/create.blade.php
	new file:   resources/views/settings/taxes/edit.blade.php
	new file:   resources/views/settings/taxes/index.blade.php
	new file:   resources/views/vendor/apexcharts/container.blade.php
	new file:   resources/views/vendor/apexcharts/script.blade.php
	new file:   resources/views/vendor/language/flag.blade.php
	new file:   resources/views/vendor/language/flags.blade.php
	new file:   resources/views/vendor/livewire/bootstrap.blade.php
	new file:   resources/views/vendor/livewire/default.blade.php
	new file:   resources/views/vendor/livewire/simple-bootstrap.blade.php
	new file:   resources/views/vendor/livewire/simple-tailwind.blade.php
	new file:   resources/views/vendor/livewire/tailwind.blade.php
	new file:   resources/views/vendor/mail/html/button.blade.php
	new file:   resources/views/vendor/mail/html/footer.blade.php
	new file:   resources/views/vendor/mail/html/header.blade.php
	new file:   resources/views/vendor/mail/html/layout.blade.php
	new file:   resources/views/vendor/mail/html/message.blade.php
	new file:   resources/views/vendor/mail/html/panel.blade.php
	new file:   resources/views/vendor/mail/html/promotion.blade.php
	new file:   resources/views/vendor/mail/html/promotion/button.blade.php
	new file:   resources/views/vendor/mail/html/subcopy.blade.php
	new file:   resources/views/vendor/mail/html/table.blade.php
	new file:   resources/views/vendor/mail/html/themes/default.css
	new file:   resources/views/vendor/mail/markdown/button.blade.php
	new file:   resources/views/vendor/mail/markdown/footer.blade.php
	new file:   resources/views/vendor/mail/markdown/header.blade.php
	new file:   resources/views/vendor/mail/markdown/layout.blade.php
	new file:   resources/views/vendor/mail/markdown/message.blade.php
	new file:   resources/views/vendor/mail/markdown/panel.blade.php
	new file:   resources/views/vendor/mail/markdown/promotion.blade.php
	new file:   resources/views/vendor/mail/markdown/promotion/button.blade.php
	new file:   resources/views/vendor/mail/markdown/subcopy.blade.php
	new file:   resources/views/vendor/mail/markdown/table.blade.php
	new file:   resources/views/vendor/money/components/money.blade.php
	new file:   resources/views/vendor/notifications/email.blade.php
	new file:   resources/views/vendor/nwidart/menus/child/dropdown.blade.php
	new file:   resources/views/vendor/nwidart/menus/child/item.blade.php
	new file:   resources/views/vendor/nwidart/menus/default.blade.php
	new file:   resources/views/vendor/nwidart/menus/item/dropdown.blade.php
	new file:   resources/views/vendor/nwidart/menus/item/item.blade.php
	new file:   resources/views/vendor/nwidart/menus/menu.blade.php
	new file:   resources/views/vendor/nwidart/menus/nav-pills-justified.blade.php
	new file:   resources/views/vendor/nwidart/menus/nav-pills-stacked.blade.php
	new file:   resources/views/vendor/nwidart/menus/nav-pills.blade.php
	new file:   resources/views/vendor/nwidart/menus/nav-tabs-justified.blade.php
	new file:   resources/views/vendor/nwidart/menus/nav-tabs.blade.php
	new file:   resources/views/vendor/nwidart/menus/navbar-left.blade.php
	new file:   resources/views/vendor/nwidart/menus/navbar-right.blade.php
	new file:   resources/views/vendor/nwidart/menus/style.blade.php
	new file:   resources/views/vendor/pagination/bootstrap-4.blade.php
	new file:   resources/views/vendor/pagination/default.blade.php
	new file:   resources/views/vendor/pagination/simple-bootstrap-4.blade.php
	new file:   resources/views/vendor/pagination/simple-default.blade.php
	new file:   resources/views/widgets/account_balance.blade.php
	new file:   resources/views/widgets/bank_feeds.blade.php
	new file:   resources/views/widgets/bar_chart.blade.php
	new file:   resources/views/widgets/cash_flow.blade.php
	new file:   resources/views/widgets/currencies.blade.php
	new file:   resources/views/widgets/donut_chart.blade.php
	new file:   resources/views/widgets/line_chart.blade.php
	new file:   resources/views/widgets/receivables_payables.blade.php
	new file:   resources/views/wizard/companies/edit.blade.php
	new file:   resources/views/wizard/currencies/index.blade.php
	new file:   resources/views/wizard/finish/index.blade.php
	new file:   routes/admin.php
	new file:   routes/api.php
	new file:   routes/channels.php
	new file:   routes/common.php
	new file:   routes/console.php
	new file:   routes/guest.php
	new file:   routes/install.php
	new file:   routes/portal.php
	new file:   routes/preview.php
	new file:   routes/signed.php
	new file:   routes/web.php
	new file:   routes/wizard.php
	new file:   safelist.txt
	new file:   serviceworker.js
	new file:   storage/app/.gitignore
	new file:   storage/app/public/.gitignore
	new file:   storage/app/temp/.gitignore
	new file:   storage/app/uploads/.gitignore
	new file:   storage/debugbar/.gitignore
	new file:   storage/fonts/.gitignore
	new file:   storage/framework/.gitignore
	new file:   storage/framework/cache/.gitignore
	new file:   storage/framework/sessions/.gitignore
	new file:   storage/framework/testing/.gitignore
	new file:   storage/framework/views/.gitignore
	new file:   storage/logs/.gitignore
	new file:   tailwind.config.js
	new file:   tests/CreatesApplication.php
	new file:   tests/Feature/Auth/UsersTest.php
	new file:   tests/Feature/Banking/AccountsTest.php
	new file:   tests/Feature/Banking/DocumentTransactionsTest.php
	new file:   tests/Feature/Banking/ReconciliationsTest.php
	new file:   tests/Feature/Banking/SplitTransactionTest.php
	new file:   tests/Feature/Banking/TransactionTaxesTest.php
	new file:   tests/Feature/Banking/TransactionsTest.php
	new file:   tests/Feature/Banking/TransfersTest.php
	new file:   tests/Feature/Commands/BillReminderTest.php
	new file:   tests/Feature/Commands/InvoiceReminderTest.php
	new file:   tests/Feature/Commands/RecurringCheckTest.php
	new file:   tests/Feature/Common/CompaniesTest.php
	new file:   tests/Feature/Common/DashboardsTest.php
	new file:   tests/Feature/Common/ItemsTest.php
	new file:   tests/Feature/Common/ReportsTest.php
	new file:   tests/Feature/Common/SourcesTest.php
	new file:   tests/Feature/Document/CancelDocumentTest.php
	new file:   tests/Feature/Email/TooManyEmailsSentTest.php
	new file:   tests/Feature/FeatureTestCase.php
	new file:   tests/Feature/PaymentTestCase.php
	new file:   tests/Feature/Performance/N1QueryOptimizationTest.php
	new file:   tests/Feature/Performance/VendorN1QueryTest.php
	new file:   tests/Feature/Purchases/BillsTest.php
	new file:   tests/Feature/Purchases/VendorsTest.php
	new file:   tests/Feature/Sales/CustomersTest.php
	new file:   tests/Feature/Sales/InvoicesTest.php
	new file:   tests/Feature/Settings/CategoriesTest.php
	new file:   tests/Feature/Settings/CurrenciesTest.php
	new file:   tests/Feature/Settings/TaxesTest.php
	new file:   tests/Feature/Wizard/CompaniesTest.php
	new file:   tests/Feature/Wizard/CurrenciesTest.php
	new file:   tests/TestCase.php
	new file:   tests/Unit/ExampleTest.php
	new file:   tests/Unit/Imports/Banking/TransfersImportTest.php
	new file:   tests/Unit/UpdatesTest.php
	new file:   tests/Unit/Utilities/CalculationToQuantityTest.php
	new file:   tests/Unit/Utilities/DateImportParsingTest.php
	new file:   web.config
	new file:   webpack.mix.js

